Nome,Número,Coleção,Idioma,Estado,Ano,Tipo,Link Liga,Link MYP,Link Cardmarket,Link Tcgplayer,Link PriceCharting,Minimo,Venda Rapida,Menor Liga,Preço,Quantidade
Greninja V-UNION,SWSH155–SWSH158,Espada e Escudo — Promos,Inglês,NM,2021,V-UNION,https://www.ligapokemon.com.br/?view=cards/card&card=Greninja-V-Union+%284+Cartas%29%20(SWSH155-U/71)&show=10&ed=SSPR&num=SWSH155-U,https://mypcards.com/pokemon/produto/144091/greninja-v-union,https://www.cardmarket.com/en/Pokemon/Products/Singles/SWSH-Black-Star-Promos/Greninja-V-UNION-V1,https://www.tcgplayer.com/product/248896?page=1&Language=English,https://www.pricecharting.com/game/pokemon-promo/greninja-v-union-set,142,,200,,1
Mewtwo V-UNION,SWSH159–SWSH162,Espada e Escudo — Promos,Inglês,NM,2021,V-UNION,https://www.ligapokemon.com.br/?view=cards/card&card=Mewtwo-V-Union+%284+Cartas%29%20(SWSH159-U/71)&show=10&ed=SSPR&num=SWSH159-U,https://mypcards.com/pokemon/produto/144095/mewtwo-v-union,https://www.cardmarket.com/en/Pokemon/Products/Singles/SWSH-Black-Star-Promos/Mewtwo-V-UNION-V1,https://www.tcgplayer.com/product/248895?page=1&Language=English,https://www.pricecharting.com/game/pokemon-promo/mewtwo-v-union-set,283,,400,,1
Pikachu V-UNIÃO,SWSH139–SWSH142,Espada e Escudo — Promos,Português (PT-BR),NM,2021,V-UNION,https://www.ligapokemon.com.br/?view=cards/card&card=Pikachu-V-Union+%284+Cartas%29%20(SWSH139-U/71)&show=10&ed=SSPR&num=SWSH139-U,https://mypcards.com/pokemon/produto/144334/pikachu-v-union,https://www.cardmarket.com/en/Pokemon/Products/Singles/SWSH-Black-Star-Promos/Pikachu-V-UNION-V1,https://www.tcgplayer.com/product/251099?page=1&Language=English,https://www.pricecharting.com/game/pokemon-promo/pikachu-v-union-set,177,,250,,1
Morpeko V-UNIÃO,SWSH287–SWSH290,Espada e Escudo — Promos,Português (PT-BR),NM,2023,V-UNION,https://www.ligapokemon.com.br/?view=cards/card&card=Morpeko%20V-UNION%20(SWSH287)&show=1&ed=SWSHP&num=SWSH287,https://mypcards.com/pokemon/produto/189036/morpeko-v-union,https://www.cardmarket.com/en/Pokemon/Products/Singles/SWSH-Black-Star-Promos/Morpeko-V-UNION-V6-SWSH287,https://www.tcgplayer.com/product/495215?page=1&Language=English,https://www.pricecharting.com/game/pokemon-promo/morpeko-v-union-set-swsh287-290,45,,70,,1
Talento do Lauro,139/131,Evoluções Prismáticas,Português (PT-BR),NM,2025,Full Art,https://www.ligapokemon.com.br/?view=cards/card&card=Larry%27s%20Skill%20(139/131)&show=1&ed=PRE&num=139,https://mypcards.com/pokemon/produto/260445/talento-do-lauro,https://www.cardmarket.com/en/Pokemon/Products/Singles/Prismatic-Evolutions/Larrys-Skill-V2-PRE139,https://www.tcgplayer.com/product/610494?page=1&Language=English,https://www.pricecharting.com/game/pokemon-prismatic-evolutions/larry%27s-skill-139,"4,8",,"6,8",,1
Volo,151/159,Realeza Absoluta,Português (PT-BR),NM,2023,Full Art,https://www.ligapokemon.com.br/?view=cards/card&card=Volo%20(151/159)&show=1&ed=CRZ&num=151,https://mypcards.com/pokemon/produto/180892/volo,https://www.cardmarket.com/en/Pokemon/Products/Singles/Crown-Zenith/Volo-CRZ151,https://www.tcgplayer.com/product/478123?page=1&Language=English,https://www.pricecharting.com/game/pokemon-crown-zenith/volo-151,"12,7",,"17,8",,1
Espadarnaldo e Escudoberto,TG28/TG30,Tempestade Prateada,Português (PT-BR),NM,2022,Full Art,https://www.ligapokemon.com.br/?view=cards/card&card=Sordward%20and%20Shielbert%20(TG28/TG30)&show=1&ed=SITTG&num=TG28,https://mypcards.com/pokemon/produto/175000/espadarnaldo-e-escudoberto,https://www.cardmarket.com/en/Pokemon/Products/Singles/Silver-Tempest/Sordward-Shielbert-SITTG28,https://www.tcgplayer.com/product/452047?page=1&Language=English,https://www.pricecharting.com/game/pokemon-silver-tempest/sordward-%26-shielbert-tg28,17,,"22,5",,1
Cuspidor de Fogo,119/094,Fogo Fantasmagórico,Português (PT-BR),NM,2025,Full Art,https://www.ligapokemon.com.br/?view=cards/card&card=Firebreather%20(119/094)&show=1&ed=PFL&num=119,https://mypcards.com/pokemon/produto/300725/cuspidor-de-fogo,https://www.cardmarket.com/en/Pokemon/Products/Singles/Phantasmal-Flames/Firebreather-V2-PFL119,https://www.tcgplayer.com/product/662158?page=1&Language=English,https://www.pricecharting.com/game/pokemon-phantasmal-flames/firebreather-119,"5,6",,"9,9",,1
Pesquisa de Professores — Prof. Carvalho,24/25,Celebrações,Português (PT-BR),NM,2021,Full Art,https://www.ligapokemon.com.br/?view=cards/card&card=Professor%27s%20Research%3A%20Professor%20Oak%20(24/25)&show=1&ed=CEL&num=24,https://mypcards.com/pokemon/produto/144205/pesquisa-de-professores-prof-carvalho,https://www.cardmarket.com/en/Pokemon/Products/Singles/Celebrations/Professors-Research-Professor-Oak-V2-CEL024,https://www.tcgplayer.com/product/250293?page=1&Language=English,https://www.pricecharting.com/game/pokemon-celebrations/professor%27s-research-24,"13,4",,"23,9",,1
Miriam,251/198,Escarlate e Violeta,Português (PT-BR),NM,2023,Arte Rara Especial,https://www.ligapokemon.com.br/?view=cards/card&card=Miriam%20(251/198)&show=1&ed=SV1&num=251,https://mypcards.com/pokemon/produto/185055/miriam,https://www.cardmarket.com/en/Pokemon/Products/Singles/Scarlet-Violet/Miriam-V3-SVI251,https://www.tcgplayer.com/product/487061/pokemon-sv01-scarlet-and-violet-base-set-miriam-251-198?page=1&Language=English,https://www.pricecharting.com/game/pokemon-scarlet-%26-violet/miriam-251,"122,6",,140,,1
Kissera,269/193,Evoluções em Paldea,Português (PT-BR),NM,2023,Arte Rara Especial,https://www.ligapokemon.com.br/?view=cards/card&card=Iono%20(269/193)&show=10&ed=PAL,https://mypcards.com/pokemon/produto/193204/kissera,https://www.cardmarket.com/en/Pokemon/Products/Singles/Paldea-Evolved/Iono-V3-PAL269,https://www.tcgplayer.com/product/497689?page=1&Language=English,https://www.pricecharting.com/game/pokemon-paldea-evolved/iono-269,"318,8",,420,,1
Capacete Punk,121/094,Fogo Fantasmagórico,Português (PT-BR),NM,2025,Full Art,https://www.ligapokemon.com.br/?view=cards/card&card=Punk%20Helmet%20(121/094)&show=1&ed=PFL&num=121,https://mypcards.com/pokemon/produto/300727/capacete-punk,https://www.cardmarket.com/en/Pokemon/Products/Singles/Phantasmal-Flames/Punk-Helmet-V2-PFL121,https://www.tcgplayer.com/product/662218?page=1&Language=English,https://www.pricecharting.com/game/pokemon-phantasmal-flames/punk-helmet-121,"5,6",,9,,1
Amigos em Galar,TG23/TG30,Tempestade Prateada,Português (PT-BR),NM,2022,Full Art,https://www.ligapokemon.com.br/?view=cards/card&card=Friends%20in%20Galar%20(TG23/TG30)&show=1&ed=SITTG&num=TG23,https://mypcards.com/pokemon/produto/174995/amigos-em-galar,https://www.cardmarket.com/en/Pokemon/Products/Singles/Silver-Tempest/Friends-in-Galar-SITTG23,https://www.tcgplayer.com/product/452039?page=1&Language=English,https://www.pricecharting.com/game/pokemon-silver-tempest/friends-in-galar-tg23,"81,6",,110,,1
Traquinagem da Acerola,165/132,Megaevolução,Português (PT-BR),NM,2025,Full Art,https://www.ligapokemon.com.br/?view=cards/card&card=Acerola%27s%20Mischief%20(165/132)&show=1&ed=MEG&num=165,https://mypcards.com/pokemon/produto/294414/traquinagem-da-acerola,https://www.cardmarket.com/en/Pokemon/Products/Singles/Mega-Evolution/Acerolas-Mischief-V2-MEG165,https://www.tcgplayer.com/product/654504?page=1&Language=English,https://www.pricecharting.com/game/pokemon-mega-evolution/acerola%27s-mischief-165,14,,"21,9",,1
Irida,GG63/GG70,Realeza Absoluta,Português (PT-BR),NM,2023,Full Art — Galeria de Galar,https://www.ligapokemon.com.br/?view=cards/card&card=Irida%20(GG63/GG70)&show=1&ed=CZGG&num=GG63,https://mypcards.com/pokemon/produto/180964/irida,https://www.cardmarket.com/en/Pokemon/Products/Singles/Crown-Zenith/Irida-CRZGG63,https://www.tcgplayer.com/product/478092?page=1&Language=English,https://www.pricecharting.com/game/pokemon-crown-zenith/irida-gg63,"70,9",,"99,9",,1
Recuperação de Energia,108/086,Caos Ascendente,Português (PT-BR),NM,2026,Full Art,https://www.ligapokemon.com.br/?view=cards/card&card=Energy%20Retrieval%20(108/086)&show=1&ed=CRI&num=108,https://mypcards.com/pokemon/produto/325088/recuperacao-de-energia,https://www.cardmarket.com/en/Pokemon/Products/Singles/Chaos-Rising/Energy-Retrieval-CRI106,https://www.tcgplayer.com/product/693482?page=1&Language=English,https://www.pricecharting.com/game/pokemon-chaos-rising/energy-retrieval-108,10,,17,,1
Cleffa,20/111,Celebrações,Português (PT-BR),NM,2021,Coleção Clássica,https://www.ligapokemon.com.br/?view=cards/card&card=Cleffa%20(09/25)&show=1&ed=CCC&num=09,https://mypcards.com/pokemon/produto/144256/cleffa,https://www.cardmarket.com/en/Pokemon/Products/Singles/Celebrations/Cleffa,https://www.tcgplayer.com/product/250326?page=1&Language=English,https://www.pricecharting.com/game/pokemon-celebrations/cleffa-20,"19,8",,30,,1
Pesquisa de Professores — Prof. Carvalho,23/25,Celebrações,Inglês,NM,2021,Holo Rara,https://www.ligapokemon.com.br/?view=cards/card&card=Professor%27s%20Research%3A%20Professor%20Oak%20(23/25)&show=1&ed=CEL&num=23,https://mypcards.com/pokemon/produto/144204/pesquisa-de-professores-prof-carvalho,https://www.cardmarket.com/en/Pokemon/Products/Singles/Celebrations/Professors-Research-Professor-Oak-V1-CEL023,https://www.tcgplayer.com/product/250318?page=1&Language=English,https://www.pricecharting.com/game/pokemon-celebrations/professor%27s-research-23,"1,41",,2,,1
Pikachu de ______,Promo 24,Celebrações,Inglês,NM,2021,Coleção Clássica,https://www.ligapokemon.com.br/?view=cards/card&card=______%27s%20Pikachu%20(08/25)&show=1&ed=CCC&num=08,https://mypcards.com/pokemon/produto/144273/s-pikachu,https://www.cardmarket.com/en/Pokemon/Products/Singles/Celebrations/s-Pikachu,https://www.tcgplayer.com/product/250325?page=1&Language=English,https://www.pricecharting.com/game/pokemon-celebrations/pikachu-birthday-24,"117,54",,"195,9",,1
Zapdos da Equipe Rocket,15/132,Celebrações,Português (PT-BR),NM,2021,Coleção Clássica,https://www.ligapokemon.com.br/?view=cards/card&card=Rocket%27s%20Zapdos%20(07/25)&show=1&ed=CCC&num=07,https://mypcards.com/pokemon/produto/144255/rockets-zapdos,https://www.cardmarket.com/en/Pokemon/Products/Singles/Celebrations/Rockets-Zapdos,https://www.tcgplayer.com/product/250324?page=1&Language=English,https://www.pricecharting.com/game/pokemon-celebrations/rocket%27s-zapdos-15,"72,8",,110,,1
Jirachi V,170/189,Estrelas Radiantes,Português (PT-BR),NM,2022,V — Full Art,https://www.ligapokemon.com.br/?view=cards/card&card=Jirachi%20V%20(170/189)&show=1&ed=ASR&num=170,https://mypcards.com/pokemon/produto/160631/jirachi-v,https://www.cardmarket.com/en/Pokemon/Products/Singles/Astral-Radiance/Jirachi-V-ASR170,https://www.tcgplayer.com/product/272710?page=1&Language=English,https://www.pricecharting.com/game/pokemon-astral-radiance/jirachi-v-170,71,,100,,1
Enamorus V,178/196,Origem Perdida,Português (PT-BR),NM,2022,V — Full Art,https://www.ligapokemon.com.br/?view=cards/card&card=Enamorus%20V%20(178/196)&show=1&ed=LOR&num=178,https://mypcards.com/pokemon/produto/167984/enamorus-v,https://www.cardmarket.com/en/Pokemon/Products/Singles/Lost-Origin/Enamorus-V-V2-LOR178,https://www.tcgplayer.com/product/284131?page=1&Language=English,https://www.pricecharting.com/game/pokemon-lost-origin/enamorus-v-178,"10,58",,"14,9",,1
Lugia V,185/195,Tempestade Prateada,Português (PT-BR),NM,2022,V — Full Art,https://www.ligapokemon.com.br/?view=cards/card&card=Lugia%20V%20(185/195)&show=1&ed=SIT&num=185,https://mypcards.com/pokemon/produto/174942/lugia-v,https://www.cardmarket.com/en/Pokemon/Products/Singles/Silver-Tempest/Lugia-V-V2-SIT185,https://www.tcgplayer.com/product/451833?page=1&Language=English,https://www.pricecharting.com/game/pokemon-silver-tempest/lugia-v-185,"63,2",,89,,1
Presa Grande ex,230/198,Escarlate e Violeta,Português (PT-BR),NM,2023,ex — Full Art,https://www.ligapokemon.com.br/?view=cards/card&card=Great%20Tusk%20ex%20(230/198)&show=1&ed=SV1&num=230,https://mypcards.com/pokemon/produto/185034/presa-grande-ex,https://www.cardmarket.com/en/Pokemon/Products/Singles/Scarlet-Violet/Great-Tusk-ex-V2-SVI230,https://www.tcgplayer.com/product/490088?page=1&Language=English,https://www.pricecharting.com/game/pokemon-scarlet-&-violet/great-tusk-ex-230,"8,52",,12,,1
Empoleon ex,114/094,Fogo Fantasmagórico,Português (PT-BR),NM,2025,ex — Full Art,https://www.ligapokemon.com.br/?view=cards/card&card=Empoleon%20ex%20(114/094)&show=1&ed=PFL&num=114,https://mypcards.com/pokemon/produto/300720/empoleon-ex,https://www.cardmarket.com/en/Pokemon/Products/Singles/Phantasmal-Flames/Empoleon-ex-V2-PFL114,https://www.tcgplayer.com/product/662156?page=1&Language=English,https://www.pricecharting.com/game/pokemon-phantasmal-flames/empoleon-ex-114,"8,4",,11,,1
Conkeldurr V,073/078,Pokémon GO,Inglês,NM,2022,V — Full Art,https://www.ligapokemon.com.br/?view=cards/card&card=Conkeldurr%20V%20(073/078)&show=1&ed=PGO&num=073,https://mypcards.com/pokemon/produto/163994/conkeldurr-v,https://www.cardmarket.com/en/Pokemon/Products/Singles/Pokemon-GO/Conkeldurr-V-V2-PGO073,https://www.tcgplayer.com/product/277001?page=1&Language=English,https://www.pricecharting.com/game/pokemon-go/conkeldurr-v-73,"10,6",,15,,1
Zamazenta V,SWSH293,Espada e Escudo — Promos,Português (PT-BR),NM,2023,V — Shiny — Promo,https://www.ligapokemon.com.br/?view=cards/card&card=Zamazenta-V%20(SWSH293/71)&show=10,https://mypcards.com/pokemon/produto/189489/zamazenta-v,https://www.cardmarket.com/en/Pokemon/Products/Singles/SWSH-Black-Star-Promos/Zamazenta-V-V3-SWSH293,https://www.tcgplayer.com/product/477064?page=1&Language=English,https://www.pricecharting.com/game/pokemon-promo/zamazenta-v-swsh293,"10,1",,15,,1
Spidops ex,223/198,Escarlate e Violeta,Português (PT-BR),NM,2023,ex — Full Art,https://www.ligapokemon.com.br/?view=cards/card&card=Spidops%20ex%20(223/198)&show=1&ed=SV1&num=223,https://mypcards.com/pokemon/produto/185027/spidops-ex,https://www.cardmarket.com/en/Pokemon/Products/Singles/Scarlet-Violet/Spidops-ex-V2-SVI223,https://www.tcgplayer.com/product/490081?page=1&Language=English,https://www.pricecharting.com/game/pokemon-scarlet-&-violet/spidops-ex-223,"5,6",,"7,9",,1
Lycanroc ex,241/193,Evoluções em Paldea,Português (PT-BR),NM,2023,ex — Full Art,https://www.ligapokemon.com.br/?view=cards/card&card=Lycanroc%20ex%20(241/193)&ed=PAL&num=241&srsltid=AfmBOophOMCAgl9g5rFSeDHS8USWGY2v5AogQQsaaIwIhT6dhAQ6mfy7,https://mypcards.com/pokemon/produto/193176/lycanroc-ex,https://www.cardmarket.com/en/Pokemon/Products/Singles/Paldea-Evolved/Lycanroc-ex-V2-PAL241,https://www.tcgplayer.com/product/497651?page=1&Language=English,https://www.pricecharting.com/game/pokemon-paldea-evolved/lycanroc-ex-241,"13,7",,"19,3",,1
Revavroom ex,216/197,Obsidiana em Chamas,Português (PT-BR),NM,2023,ex — Full Art,https://www.ligapokemon.com.br/?view=cards/card&card=Revavroom%20ex%20(216/197)&show=1&ed=OBF&num=216,https://mypcards.com/pokemon/produto/199455/revavroom-ex,https://www.cardmarket.com/en/Pokemon/Products/Singles/Obsidian-Flames/Revavroom-ex-V2-OBF216,https://www.tcgplayer.com/product/509965?page=1&Language=English,https://www.pricecharting.com/game/pokemon-obsidian-flames/revavroom-ex-216,"4,6",,6,,1
Centiskorch V,SV108/SV122,Destinos Brilhantes,Inglês,NM,2021,V — Shiny,https://www.ligapokemon.com.br/?view=cards/card&card=Centiskorch-V%20(SV108%2FS122)&ed=SFS&num=SV108&srsltid=AfmBOooQ957DfuCTM144oUEdDTGDJx4LBAdQ5fJCSWZybIIsWEqpzCgh,https://mypcards.com/pokemon/produto/129696/centiskorch-v,https://www.cardmarket.com/en/Pokemon/Products/Singles/Shining-Fates/Centiskorch-V,https://www.tcgplayer.com/product/232498?page=1&Language=English,https://www.pricecharting.com/game/pokemon-shining-fates/centiskorch-v-sv108,7,,"9,9",,1
Mewtwo GX,72/73,Lendas Luminescentes,Português (PT-BR),NM,2017,GX — Full Art,https://www.ligapokemon.com.br/?view=cards/card&card=Mewtwo-GX%20(72/73)&show=1&ed=SLG&num=72,https://mypcards.com/pokemon/produto/74062/mewtwo-gx,https://www.cardmarket.com/en/Pokemon/Products/Singles/Shining-Legends/Mewtwo-GX-V2-SLG72,https://www.tcgplayer.com/product/146696?page=1&Language=English,https://www.pricecharting.com/game/pokemon-shining-legends/mewtwo-gx-72,90,,140,,1
Banette GX,157/168,Tempestade Celestial,Português (PT-BR),NM,2018,GX — Full Art,https://www.ligapokemon.com.br/?view=cards/card&card=Banette-GX%20(157/168)&show=1&ed=CES&num=157,https://mypcards.com/pokemon/produto/82574/banette-gx,https://www.cardmarket.com/en/Pokemon/Products/Singles/Celestial-Storm/Banette-GX-V2-CES157,https://www.tcgplayer.com/product/170888?page=1&Language=English,https://www.pricecharting.com/game/pokemon-celestial-storm/banette-gx-157,"22,34",,"31,43",,1
Tapu Lele GX,137/145,Guardiões Ascendentes,Português (PT-BR),NM,2017,GX — Full Art,https://www.ligapokemon.com.br/?view=cards/card&card=Tapu%20Lele-GX%20(137/145)&show=1&ed=GRI&num=137,https://mypcards.com/pokemon/produto/40284/tapu-lele-gx,https://www.cardmarket.com/en/Pokemon/Products/Singles/Guardians-Rising/Tapu-Lele-GX-V2-GRI137,https://www.tcgplayer.com/product/130969?page=1&Language=English,https://www.pricecharting.com/game/pokemon-guardians-rising/tapu-lele-gx-137,"28,4",,40,,1
Kyurem V,174/196,Origem Perdida,Português (PT-BR),NM,2022,V — Full Art,https://www.ligapokemon.com.br/?view=cards/card&card=Kyurem%20V%20(174/196)&show=1&ed=LOR&num=174,https://mypcards.com/pokemon/produto/167980/kyurem-v,https://www.cardmarket.com/en/Pokemon/Products/Singles/Lost-Origin/Kyurem-V-V2-LOR174,https://www.tcgplayer.com/product/284116?page=1&Language=English,https://www.pricecharting.com/game/pokemon-lost-origin/kyurem-v-174,14,,25,,1
Energia Básica de Luta,169/145,Guardiões Ascendentes,Português (PT-BR),NM,2017,Energia Rara Secreta Dourada,https://www.ligapokemon.com.br/?view=cards/card&card=Fighting%20Energy%20(169/145)&show=1&ed=GRI&num=169,https://mypcards.com/pokemon/produto/40316/energia-de-luta,https://www.cardmarket.com/en/Pokemon/Products/Singles/Guardians-Rising/Fighting-Energy-GRI169,https://www.tcgplayer.com/product/131065/pokemon-sm-guardians-rising-fighting-energy-secret?page=1&Language=English,https://www.pricecharting.com/game/pokemon-guardians-rising/fighting-energy-169,"70,9",,"99,9",,1
Saguaro,255/193,Evoluções em Paldea,Português (PT-BR),NM,2023,Full Art,https://www.ligapokemon.com.br/?view=cards/card&card=Saguaro%20(255/193)&show=1&ed=PAL&num=255,https://mypcards.com/pokemon/produto/193190/saguaro,https://www.cardmarket.com/en/Pokemon/Products/Singles/Paldea-Evolved/Saguaro-V2-PAL255,https://www.tcgplayer.com/product/497670?page=1&Language=English,https://www.pricecharting.com/game/pokemon-paldea-evolved/saguaro-255,7,,"9,9",,1
Giacomo,138/131,Evoluções Prismáticas,Português (PT-BR),NM,2025,Full Art,https://www.ligapokemon.com.br/?view=cards/card&card=Giacomo%20(138/131)&show=1&ed=PRE&num=138,https://mypcards.com/pokemon/produto/260444/giacomo,https://www.cardmarket.com/en/Pokemon/Products/Singles/Prismatic-Evolutions/Giacomo-PRE138,https://www.tcgplayer.com/product/610493?page=1&Language=English,https://www.pricecharting.com/game/pokemon-prismatic-evolutions/giacomo-138,"2,5",,"4,5",,1
Giacomo,252/193,Evoluções em Paldea,Português (PT-BR),NM,2023,Full Art,https://www.ligapokemon.com.br/?view=cards/card&card=Giacomo%20(252/193)&show=1&ed=SV2&num=252,https://mypcards.com/pokemon/produto/193187/giacomo,https://www.cardmarket.com/en/Pokemon/Products/Singles/Paldea-Evolved/Giacomo-V2-PAL252,https://www.tcgplayer.com/product/497667?page=1&Language=English,https://www.pricecharting.com/game/pokemon-paldea-evolved/giacomo-252,"9,59",,15,,1
Energia Básica de Luta,258/198,Escarlate e Violeta,Português (PT-BR),NM,2023,Arte Secreta Dourada,https://www.ligapokemon.com.br/?view=cards/card&card=Fighting%20Energy%20(258/198)&show=1&ed=SV1&num=258,https://mypcards.com/pokemon/produto/185062/basic-f-energy,https://www.cardmarket.com/en/Pokemon/Products/Singles/Scarlet-Violet/Basic-Fighting-Energy-SVI258,https://www.tcgplayer.com/product/490294?page=1&Language=English,https://www.pricecharting.com/game/pokemon-scarlet-%26-violet-energy/basic-fighting-energy-258,"42,6",,99,,1
Lílian,147/149,Sol e Lua,Português (PT-BR),SP,2017,Full Art,https://www.ligapokemon.com.br/?view=cards/card&card=Lillie%20(147/149)&show=1&ed=SUM&num=147,https://mypcards.com/pokemon/produto/40122/lilian,https://www.cardmarket.com/en/Pokemon/Products/Singles/Sun-Moon/Lillie-V2-SUM147,https://www.tcgplayer.com/product/127019?page=1&Language=English,https://www.pricecharting.com/game/pokemon-sun-%26-moon/lillie-147,"103,3",,"179,9",,1
Vigor da Gardênia,184/189,Estrelas Radiantes,Português (PT-BR),NM,2022,Full Art,https://www.ligapokemon.com.br/?view=cards/card&card=Gardenia%27s%20Vigor%20(184/189)&show=1&ed=ASR&num=184,https://mypcards.com/pokemon/produto/160645/vigor-da-gardenia,https://www.cardmarket.com/en/Pokemon/Products/Singles/Astral-Radiance/Gardenias-Vigor-V2-ASR184,https://www.tcgplayer.com/product/272434?page=1&Language=English,https://www.pricecharting.com/game/pokemon-astral-radiance/gardenia%27s-vigor-184,"32,6",,50,,1
Irmãs Infortúnio,209/196,Origem Perdida,Português (PT-BR),NM,2022,Arte Secreta Arco-íris,https://www.ligapokemon.com.br/?view=cards/card&card=Miss%20Fortune%20Sisters%20(209/196)&show=1&ed=LOR&num=209,https://mypcards.com/pokemon/produto/168015/irmas-infortunio,https://www.cardmarket.com/en/Pokemon/Products/Singles/Lost-Origin/Miss-Fortune-Sisters-V3-LOR209,https://www.tcgplayer.com/product/284164?page=1&Language=English,https://www.pricecharting.com/game/pokemon-lost-origin/miss-fortune-sisters-209,24,,"33,9",,1
Energia Básica de Luta,157/159,Realeza Absoluta,Português (PT-BR),SP,2023,Energia Holo Texturizada,https://www.ligapokemon.com.br/?view=cards/card&card=Fighting%20Energy%20(157/159)&show=1&ed=CRZ&num=157,https://mypcards.com/pokemon/produto/180898/energia-de-luta,https://www.cardmarket.com/en/Pokemon/Products/Singles/Crown-Zenith/Fighting-Energy-V2-CRZ157,https://www.tcgplayer.com/product/478109?page=1&Language=English,https://www.pricecharting.com/game/pokemon-crown-zenith/fighting-energy-157,"12,72",,"17,6",,1
Tarsila,172/142,Coroa Estelar,Português (PT-BR),NM,2024,Arte Rara Especial,https://www.ligapokemon.com.br/?view=cards/card&card=Lacey%20(172/142)&show=1&ed=SCR&num=172,https://mypcards.com/pokemon/produto/247663/tarsila,https://www.cardmarket.com/en/Pokemon/Products/Singles/Stellar-Crown/Lacey-V3-SCR172,https://www.tcgplayer.com/product/567484?page=1&Language=English,https://www.pricecharting.com/game/pokemon-stellar-crown/lacey-172,70,,99,,1
Amor e Paz,254/217,Heróis Excelsos,Português (PT-BR),NM,2026,Full Art,https://www.ligapokemon.com.br/?view=cards/card&card=Anthea%20%26%20Concordia%20(254/217)&show=1&ed=ASC&num=254,https://mypcards.com/pokemon/produto/310491/amor-e-paz,https://www.cardmarket.com/en/Pokemon/Products/Singles/Ascended-Heroes/Anthea-Concordia-V2-ASC254,https://www.tcgplayer.com/product/676066?page=1&Language=English,https://www.pricecharting.com/game/pokemon-ascended-heroes/anthea-%26-concordia-254,"8,4",,"9,9",,1
Poké Criança,070/072,Destinos Brilhantes,Inglês,NM,2021,Full Art,Poké Criança / Poke Kid (70/72) | Busca de Cartas | LigaPokemon,https://mypcards.com/pokemon/produto/129585/poke-crianca,https://www.cardmarket.com/en/Pokemon/Products/Singles/Shining-Fates/Poke-Kid-V2-SHF070,https://www.tcgplayer.com/product/232531?page=1&Language=English,https://www.pricecharting.com/game/pokemon-shining-fates/poke-kid-70,"70,3",,"99,9",,1
Cartão Vermelho Especial,113/086,Caos Ascendente,Português (PT-BR),NM,2026,Full Art,https://www.ligapokemon.com.br/?view=cards/card&card=Special%20Red%20Card%20(113/086)&show=1&ed=CRI&num=113,https://mypcards.com/pokemon/produto/325093/cartao-vermelho-especial,https://www.cardmarket.com/en/Pokemon/Products/Singles/Chaos-Rising/Special-Red-Card-V2-CRI113,https://www.tcgplayer.com/product/693548?page=1&Language=English,https://www.pricecharting.com/game/pokemon-chaos-rising/special-red-card-113,"26,7",,"39,9",,1
Gongo de Luta,168/132,Megaevolução,Português (PT-BR),NM,2025,Full Art,https://www.ligapokemon.com.br/?view=cards/card&card=Fighting%20Gong%20(168/132)&show=1&ed=MEG&num=168,https://mypcards.com/pokemon/produto/294417/gongo-de-luta,https://www.cardmarket.com/en/Pokemon/Products/Singles/Mega-Evolution/Fighting-Gong-V2-MEG168,https://www.tcgplayer.com/product/654507?page=1&Language=English,https://www.pricecharting.com/game/pokemon-mega-evolution/fighting-gong-168,"11,2",,"22,9",,1
Bomba Deluxe,134/142,Coroa Estelar,Português (PT-BR),NM,2024,ACE SPEC,https://www.ligapokemon.com.br/?view=cards/card&card=Deluxe%20Bomb%20(134/142)&show=1&ed=SCR&num=134,https://mypcards.com/pokemon/produto/247625/bomba-deluxe,https://www.cardmarket.com/en/Pokemon/Products/Singles/Stellar-Crown/Deluxe-Bomb-SCR134,https://www.tcgplayer.com/product/567392?page=1&Language=English,https://www.pricecharting.com/game/pokemon-stellar-crown/deluxe-bomb-134,"1,68",,3,,1
Umbreon ex,060/131,Evoluções Prismáticas,Português (PT-BR),NM,2025,ex Tera Estelar,https://www.ligapokemon.com.br/?view=cards/card&card=Umbreon%20ex%20(060/131)&show=1&ed=PRE&num=060,https://mypcards.com/pokemon/produto/260366/umbreon-ex,https://www.cardmarket.com/en/Pokemon/Products/Singles/Prismatic-Evolutions/Umbreon-ex-PRE060,https://www.tcgplayer.com/product/610415?page=1&Language=English,https://www.pricecharting.com/game/pokemon-prismatic-evolutions/umbreon-ex-60,"17,6",,"23,9",,2
Leafeon ex,006/131,Evoluções Prismáticas,Português (PT-BR),NM,2025,ex Tera Estelar,https://www.ligapokemon.com.br/?view=cards/card&card=Leafeon%20ex%20(006/131)&show=1&ed=PRE&num=006,https://mypcards.com/pokemon/produto/260312/leafeon-ex,https://www.cardmarket.com/en/Pokemon/Products/Singles/Prismatic-Evolutions/Leafeon-ex-PRE006,https://www.tcgplayer.com/product/610361?page=1&Language=English,https://www.pricecharting.com/game/pokemon-prismatic-evolutions/leafeon-ex-6,"11,1",,"19,8",,1
Eevee ex,174,Escarlate e Violeta — Promos,Português (PT-BR),NM,2025,ex Tera Estelar — Promo,https://www.ligapokemon.com.br/?view=cards/card&card=Eevee%20ex%20(174/%E2%88%9E)&ed=SVP&num=174&srsltid=AfmBOorl99RfhUUb1zZeei_4P069c2LfRM-xruKCWFWuTrq8l1z28dY9,https://mypcards.com/pokemon/produto/284593/eevee-ex,https://www.cardmarket.com/en/Pokemon/Products/Singles/SV-Black-Star-Promos/Eevee-ex-SVP174,https://www.tcgplayer.com/product/632083?page=1&Language=English,https://www.pricecharting.com/game/pokemon-promo/eevee-ex-174,"20,6",,29,,1
Terapagos ex,092/131,Evoluções Prismáticas,Português (PT-BR),NM,2025,ex Tera Estelar,https://www.ligapokemon.com.br/?view=cards/card&card=Terapagos%20ex%20(092/131)&show=1&ed=PRE&num=092,https://mypcards.com/pokemon/produto/260398/terapagos-ex,https://www.cardmarket.com/en/Pokemon/Products/Singles/Prismatic-Evolutions/Terapagos-ex-PRE092,https://www.tcgplayer.com/product/610447?page=1&Language=English,https://www.pricecharting.com/game/pokemon-prismatic-evolutions/terapagos-ex-92,"3,3",,"4,7",,2
Forretress ex,005/193,Evoluções em Paldea,Português (PT-BR),NM,2023,ex Tera,https://www.ligapokemon.com.br/?view=cards/card&card=Forretress%20ex%20(005/193)&ed=PAL&num=005&srsltid=AfmBOoqTxQT26WpV0GiA8X9WUgMDJmp28EUsJPN7L_vHoC2hRTXq7l_M,https://mypcards.com/pokemon/produto/192940/forretress-ex,https://www.cardmarket.com/en/Pokemon/Products/Singles/Paldea-Evolved/Forretress-ex-PAL005,https://www.tcgplayer.com/product/497416?page=1&Language=English,https://www.pricecharting.com/game/pokemon-paldea-evolved/forretress-ex-5,"3,2",,"4,5",,2
Ogerpon Máscara Fornalha ex,017/131,Evoluções Prismáticas,Português (PT-BR),NM,2025,ex Tera,https://www.ligapokemon.com.br/?view=cards/card&card=Hearthflame%20Mask%20Ogerpon%20ex%20(017/131)&show=1&ed=PRE&num=017,https://mypcards.com/pokemon/produto/260323/ogerpon-mascara-fornalha-ex,https://www.cardmarket.com/en/Pokemon/Products/Singles/Prismatic-Evolutions/Hearthflame-Mask-Ogerpon-ex-PRE017,https://www.tcgplayer.com/product/610372?page=1&Language=English,https://www.pricecharting.com/game/pokemon-prismatic-evolutions/hearthflame-mask-ogerpon-ex-17,"2,8",,"3,9",,1
Gyarados ex,225/198,Escarlate e Violeta,Português (PT-BR),NM,2023,ex Tera — Full Art,https://www.ligapokemon.com.br/?view=cards/card&card=Gyarados%20ex%20(225/198)&show=1&ed=SV1&num=225,https://mypcards.com/pokemon/produto/185029/gyarados-ex,https://www.cardmarket.com/en/Pokemon/Products/Singles/Scarlet-Violet/Gyarados-ex-V2-SVI225,https://www.tcgplayer.com/product/490083?page=1&Language=English,https://www.pricecharting.com/game/pokemon-scarlet-&-violet/gyarados-ex-225,"67,4",,100,,2
Garchomp ex,038/182,Fenda Paradoxal,Português (PT-BR),NM,2023,ex Tera,https://www.ligapokemon.com.br/?view=cards/card&card=Garchomp%20ex%20(038/182)&show=1&ed=PAR&num=038,https://mypcards.com/pokemon/produto/210579/garchomp-ex,https://www.cardmarket.com/en/Pokemon/Products/Singles/Paradox-Rift/Garchomp-ex-PAR038,https://www.tcgplayer.com/product/523647?page=1&Language=English,https://www.pricecharting.com/game/pokemon-paradox-rift/garchomp-ex-38,"6,9",,"9,7",,1
Lapras ex,032/142,Coroa Estelar,Português (PT-BR),NM,2024,ex Tera Estelar,https://www.ligapokemon.com.br/?view=cards/card&card=Lapras%20ex%20(032/142)&show=1&ed=SCR&num=032,https://mypcards.com/pokemon/produto/247523/lapras-ex,https://www.cardmarket.com/en/Pokemon/Products/Singles/Stellar-Crown/Lapras-ex-SCR032,https://www.tcgplayer.com/product/567258?page=1&Language=English,https://www.pricecharting.com/game/pokemon-stellar-crown/lapras-ex-32,7,,"9,9",,1
Ogerpon Máscara Nascente ex,027/131,Evoluções Prismáticas,Português (PT-BR),NM,2025,ex Tera,https://www.ligapokemon.com.br/?view=cards/card&card=Wellspring%20Mask%20Ogerpon%20ex%20(027/131)&show=1&ed=PRE&num=027,https://mypcards.com/pokemon/produto/260333/ogerpon-mascara-nascente-ex,https://www.cardmarket.com/en/Pokemon/Products/Singles/Prismatic-Evolutions/Wellspring-Mask-Ogerpon-ex-PRE027,https://www.tcgplayer.com/product/610382?page=1&Language=English,https://www.pricecharting.com/game/pokemon-prismatic-evolutions/wellspring-mask-ogerpon-ex-27,"6,2",,"8,7",,1
Gumshoos GX,157/149,Sol e Lua,Português (PT-BR),SP,2017,GX — Secreta,https://www.ligapokemon.com.br/?view=cards/card&card=Gumshoos-GX%20(157/149)&show=1&ed=SUM&num=157,https://mypcards.com/pokemon/produto/40132/gumshoos-gx,https://www.cardmarket.com/en/Pokemon/Products/Singles/Sun-Moon/Gumshoos-GX-V3-SUM157,https://www.tcgplayer.com/product/127196?page=1&Language=English,https://www.pricecharting.com/game/pokemon-sun-&-moon/gumshoos-gx-157,"22,3",,28,,1
Tauros GX,156/149,Sol e Lua,Português (PT-BR),NM,2017,GX — Secreta,https://www.ligapokemon.com.br/?view=cards/card&card=Tauros-GX%20(156/149)&show=1&ed=SUM&num=156,https://mypcards.com/pokemon/produto/40131/tauros-gx,https://www.cardmarket.com/en/Pokemon/Products/Singles/Sun-Moon/Tauros-GX-V3-SUM156,https://www.tcgplayer.com/product/127195?page=1&Language=English,https://www.pricecharting.com/game/pokemon-sun-&-moon/tauros-gx-156,"24,8",,35,,1
Ho-Oh GX,SM80,Sol e Lua — Promos,Português (PT-BR),NM,2017,GX — Promo,https://www.ligapokemon.com.br/?view=cards/card&card=Ho-Oh-GX%20(SM80)&show=1&ed=SMP&num=SM80,https://mypcards.com/pokemon/produto/77684/ho-oh-gx,https://www.cardmarket.com/en/Pokemon/Products/Singles/SM-Black-Star-Promos/Ho-Oh-GX-SM80,https://www.tcgplayer.com/product/148425?page=1&Language=English,https://www.pricecharting.com/game/pokemon-promo/ho-oh-gx-sm80,"35,4",,"49,9",,1
Muk de Alola GX,157/147,Sombras Ardentes,Português (PT-BR),NM,2017,GX — Secreta,https://www.ligapokemon.com.br/?view=cards/card&card=Alolan%20Muk-GX%20(157/147)&show=1&ed=BUS&num=157,https://mypcards.com/pokemon/produto/64354/muk-de-alola-gx,https://www.cardmarket.com/en/Pokemon/Products/Singles/Burning-Shadows/Alolan-Muk-GX-V3-BUS157,https://www.tcgplayer.com/product/138574?page=1&Language=English,https://www.pricecharting.com/game/pokemon-burning-shadows/alolan-muk-gx-157,"21,2",,"29,9",,1
Volcanion EX,XY173,XY — Promos,Português (PT-BR),SP,2016,EX — Promo,https://www.ligapokemon.com.br/?view=cards/card&card=Volcanion-EX%20(XY173/%E2%88%9E)&show=10&ed=XYPR&num=XY173,https://mypcards.com/pokemon/produto/41866/volcanion-ex,https://www.cardmarket.com/en/Pokemon/Products/Singles/XY-Black-Star-Promos/Volcanion-EX-XY173,https://www.tcgplayer.com/product/123455?page=1&Language=English,https://www.pricecharting.com/game/pokemon-promo/volcanion-ex-xy173,"6,5",,10,,1
Marshadow e Machamp-GX,199/214,Elos Inquebráveis,Português (PT-BR),NM,2019,GX — Aliados — Arte Alternativa,https://www.ligapokemon.com.br/?view=cards/card&card=Marshadow%20%26%20Machamp-GX%20(199/214)&show=1&ed=UNB&num=199,https://mypcards.com/pokemon/produto/89380/marshadow-e-machamp-gx,https://www.cardmarket.com/en/Pokemon/Products/Singles/Unbroken-Bonds/Marshadow-Machamp-GX-V3-UNB199,https://www.tcgplayer.com/product/189308?page=1&Language=English,https://www.pricecharting.com/game/pokemon-unbroken-bonds/marshadow-%26-machamp-gx-199,"454,4",,700,,1
Rayquaza VMAX,TG29/TG30,Tempestade Prateada,Português (PT-BR),NM,2022,VMAX — Galeria de Treinador,https://www.ligapokemon.com.br/?view=cards/card&card=Rayquaza%20VMAX%20(TG29/TG30)&show=1&ed=SITTG&num=TG29,https://mypcards.com/pokemon/produto/175001/rayquaza-vmax,https://www.cardmarket.com/en/Pokemon/Products/Singles/Silver-Tempest/Rayquaza-VMAX-SITTG29,https://www.tcgplayer.com/product/452048?page=1&Language=English,https://www.pricecharting.com/game/pokemon-silver-tempest/rayquaza-vmax-tg29,"354,3",,500,,1
Shaymin V-ASTRO,014/172,Astros Cintilantes,Português (PT-BR),NM,2022,V-ASTRO,https://www.ligapokemon.com.br/?view=cards/card&card=Shaymin-VSTAR(14/172)&srsltid=AfmBOooKxCeEzDLVFaW8UkPId_Bq7vY3SWzPZ4DflVlW45QokihDYdNH,https://mypcards.com/pokemon/produto/154842/shaymin-v-astro,https://www.cardmarket.com/en/Pokemon/Products/Singles/Brilliant-Stars/Shaymin-VSTAR-BRS014,https://www.tcgplayer.com/product/263611?page=1&Language=English,https://www.pricecharting.com/game/pokemon-brilliant-stars/shaymin-vstar-14,"9,9",,14,,1
Decidueye de Hisui V-ASTRO,084/189,Estrelas Radiantes,Português (PT-BR),NM,2022,V-ASTRO,https://www.ligapokemon.com.br/?view=cards/card&card=Hisuian+Decidueye-VSTAR%20(084/189)&ed=ASR&num=084,https://mypcards.com/pokemon/produto/160545/decidueye-de-hisui-v-astro,https://www.cardmarket.com/en/Pokemon/Products/Singles/Astral-Radiance/Hisuian-Decidueye-VSTAR-V1-ASR084,https://www.tcgplayer.com/product/272285?page=1&Language=English,https://www.pricecharting.com/game/pokemon-astral-radiance/hisuian-decidueye-vstar-84,7,,12,,1
Mewtwo V,SWSH229,Espada e Escudo — Promos,Inglês,NM,2022,V — Promo,https://www.ligapokemon.com.br/?view=cards/card&card=Mewtwo-V%20(SWSH229/71)&show=1&ed=SSPR&num=SWSH229,https://mypcards.com/pokemon/produto/164895/mewtwo-v,https://www.cardmarket.com/en/Pokemon/Products/Singles/SWSH-Black-Star-Promos/Mewtwo-V-SWSH229,https://www.tcgplayer.com/product/277040?page=1&Language=English,https://www.pricecharting.com/game/pokemon-promo/mewtwo-v-swsh229,"42,6",,60,,1
Magnezone V-ASTRO,057/196,Origem Perdida,Português (PT-BR),NM,2022,V-ASTRO,https://www.ligapokemon.com.br/?view=cards/card&card=Magnezone-VSTAR%20(057/196)&ed=LOR&num=057,https://mypcards.com/pokemon/produto/167863/magnezone-v-astro,https://www.cardmarket.com/en/Pokemon/Products/Singles/Lost-Origin/Magnezone-VSTAR-V1-LOR057,https://www.tcgplayer.com/product/283931?page=1&Language=English,https://www.pricecharting.com/game/pokemon-lost-origin/magnezone-vstar-57,"4,5",,7,,1
Drapion V-ASTRO,119/196,Origem Perdida,Português (PT-BR),NM,2022,V-ASTRO,https://www.ligapokemon.com.br/?view=cards/card&card=Drapion-VSTAR%20(119/196)&ed=LOR&num=119,https://mypcards.com/pokemon/produto/167925/drapion-v-astro,https://www.cardmarket.com/en/Pokemon/Products/Singles/Lost-Origin/Drapion-VSTAR-V1-LOR119,https://www.tcgplayer.com/product/284021?page=1&Language=English,https://www.pricecharting.com/game/pokemon-lost-origin/drapion-vstar-119,"2,8",,7,,1
Giratina V,186/196,Origem Perdida,Português (PT-BR),NM,2022,V — Arte Alternativa,https://www.ligapokemon.com.br/?view=cards/card&card=Giratina%20V%20%28186/196%29&show=1&ed=LOR&num=186,https://mypcards.com/pokemon/produto/167992/giratina-v,https://www.cardmarket.com/en/Pokemon/Products/Singles/Lost-Origin/Giratina-V-V3-LOR186,https://www.tcgplayer.com/product/284137?page=1&Language=English,https://www.pricecharting.com/game/pokemon-lost-origin/giratina-v-186,"2733,5",,3850,,1
Giratina V-ASTRO,111/172,VSTAR Universe (S12a),Japonês,NM,2022,V-ASTRO — Japonês,https://www.ligapokemon.com.br/?view=cards/card&card=Giratina+-VSTAR%20(111/172)&ed=s12a&num=111,https://mypcards.com/pokemon/produto/202718/giratina-v-astro,https://www.cardmarket.com/en/Pokemon/Products/Singles/VSTAR-Universe/Giratina-VSTAR-V1-s12a111,https://www.tcgplayer.com/product/571649?page=1&Language=Japanese,https://www.pricecharting.com/game/pokemon-japanese-vstar-universe/giratina-vstar-111,"10,6",,19,,1
Giratina V-ASTRO,131/196,Origem Perdida,Português (PT-BR),NM,2022,V-ASTRO,https://www.ligapokemon.com.br/?view=cards/card&card=Giratina%20VSTAR%20%28131/196%29&show=1&ed=LOR&num=131,https://mypcards.com/pokemon/produto/167937/giratina-v-astro,https://www.cardmarket.com/en/Pokemon/Products/Singles/Lost-Origin/Giratina-VSTAR-V1-LOR131,https://www.tcgplayer.com/product/284051?page=1&Language=English,https://www.pricecharting.com/game/pokemon-lost-origin/giratina-vstar-131,"12,4",,"17,5",,1
Zeraora V-ASTRO,SWSH265,Espada e Escudo — Promos,Português (PT-BR),NM,2022,V-ASTRO — Promo,https://www.ligapokemon.com.br/?view=cards/card&card=Zeraora-VSTAR%20(SWSH265/71)&ed=SSPR&srsltid=AfmBOoo6m35QyC9AUlzHTxc_pTVGCi1bSDHQ3GFSjGvC2SOWxipT-t5D,https://mypcards.com/pokemon/produto/175704/zeraora-vstar,https://www.cardmarket.com/en/Pokemon/Products/Singles/SWSH-Black-Star-Promos/Zeraora-VSTAR-V1-SWSH265,https://www.tcgplayer.com/product/449520?page=1&Language=English,https://www.pricecharting.com/game/pokemon-promo/zeraora-vstar-swsh265,"11,4",,16,,1
Deoxys V-ASTRO,SWSH268,Espada e Escudo — Promos,Português (PT-BR),NM,2022,V-ASTRO — Promo,https://www.ligapokemon.com.br/?view=cards/card&card=Deoxys%20VSTAR%20%28SWSH268%29&show=1&ed=SWSHP&num=SWSH268,https://mypcards.com/pokemon/produto/175707/deoxys-vstar,https://www.cardmarket.com/en/Pokemon/Products/Singles/SWSH-Black-Star-Promos/Deoxys-VSTAR-V1-SWSH268,https://www.tcgplayer.com/product/449523?page=1&Language=English,https://www.pricecharting.com/game/pokemon-promo/deoxys-vstar-swsh268,"8,4",,10,,1
Unown V-ASTRO,066/195,Tempestade Prateada,Português (PT-BR),NM,2022,V-ASTRO,https://www.ligapokemon.com.br/?view=cards/card&card=Unown%20VSTAR%20%28066/195%29&show=1&ed=SIT&num=066,https://mypcards.com/pokemon/produto/174823/unown-v-astro,https://www.cardmarket.com/en/Pokemon/Products/Singles/Silver-Tempest/Unown-VSTAR-V1-SIT066,https://www.tcgplayer.com/product/451720?page=1&Language=English,https://www.pricecharting.com/game/pokemon-silver-tempest/unown-vstar-66,7,,10,,1
Spidops ex,243/198,Escarlate e Violeta,Português (PT-BR),NM,2023,ex — Ilustração Rara Especial,https://www.ligapokemon.com.br/?view=cards/card&card=Spidops%20ex%20%28243/198%29&show=1&ed=SV1&num=243,https://mypcards.com/pokemon/produto/185047/spidops-ex,https://www.cardmarket.com/en/Pokemon/Products/Singles/Scarlet-Violet/Spidops-ex-V3-SVI243,https://www.tcgplayer.com/product/487147?page=1&Language=English,https://www.pricecharting.com/game/pokemon-scarlet-&-violet/spidops-ex-243,56,,89,,1
Chien-Pao ex,261/193,Evoluções em Paldea,Português (PT-BR),NM,2023,ex — Ilustração Rara Especial,https://www.ligapokemon.com.br/?view=cards/card&card=Chien-Pao+ex%20(261/193)&show=10,https://mypcards.com/pokemon/produto/193196/chien-pao-ex,https://www.cardmarket.com/en/Pokemon/Products/Singles/Paldea-Evolved/Chien-Pao-ex-V3-PAL261,https://www.tcgplayer.com/product/497680?page=1&Language=English,https://www.pricecharting.com/game/pokemon-paldea-evolved/chien-pao-ex-261,"98,7",,110,,1
Ting-Lu ex,263/193,Evoluções em Paldea,Alemão,NM,2023,ex — Ilustração Rara Especial,https://www.ligapokemon.com.br/?view=cards/card&card=Ting-Lu+ex%20(263/193)&show=10,https://mypcards.com/pokemon/produto/193198/ting-lu-ex,https://www.cardmarket.com/en/Pokemon/Products/Singles/Paldea-Evolved/Ting-Lu-ex-V3-PAL263,https://www.tcgplayer.com/product/497682?page=1&Language=English,https://www.pricecharting.com/game/pokemon-paldea-evolved/ting-lu-ex-263,"35,4",,70,,1
Revavroom ex,224/197,Obsidiana em Chamas,Português (PT-BR),NM,2023,ex — Ilustração Rara Especial,https://www.ligapokemon.com.br/?view=cards/card&card=Revavroom%20ex%20%28224/197%29&show=1&ed=OBF&num=224,https://mypcards.com/pokemon/produto/199463/revavroom-ex,https://www.cardmarket.com/en/Pokemon/Products/Singles/Obsidian-Flames/Revavroom-ex-V3-OBF224,https://www.tcgplayer.com/product/509982?page=1&Language=English,https://www.pricecharting.com/game/pokemon-obsidian-flames/revavroom-ex-224,"21,3",,37,,1
Mega Gardevoir ex,178/132,Megaevolução,Português (PT-BR),NM,2025,Mega ex — Ilustração Rara Especial,https://www.ligapokemon.com.br/?view=cards/card&card=Mega%20Gardevoir%20ex%20%28178/132%29&show=1&ed=MEG&num=178,https://mypcards.com/pokemon/produto/294427/mega-gardevoir-ex,https://www.cardmarket.com/en/Pokemon/Products/Singles/Mega-Evolution/Mega-Gardevoir-ex-V3-MEG178,https://www.tcgplayer.com/product/654517?page=1&Language=English,https://www.pricecharting.com/game/pokemon-mega-evolution/mega-gardevoir-ex-178,"293,3",,"445,9",,1
Mega Heracross ex,108/094,Fogo Fantasmagórico,Português (PT-BR),NM,2025,Mega ex — Ultra Rara,https://www.ligapokemon.com.br/?view=cards/card&card=Mega%20Heracross%20ex%20%28108/094%29&show=1&ed=PFL&num=108,https://mypcards.com/pokemon/produto/300714/mega-heracross-ex,https://www.cardmarket.com/en/Pokemon/Products/Singles/Phantasmal-Flames/Mega-Heracross-ex-V2-PFL108,https://www.tcgplayer.com/product/662187?page=1&Language=English,https://www.pricecharting.com/game/pokemon-phantasmal-flames/mega-heracross-ex-108,"7,1",,10,,1
Oricorio ex,024/∞,Megaevolução - Promos,Português (PT-BR),NM,2025,ex — Promo,https://www.ligapokemon.com.br/?view=cards/card&card=Oricorio%20ex%20(024/%E2%88%9E)&ed=MEP&num=024,https://mypcards.com/pokemon/produto/304240/oricorio-ex,https://www.cardmarket.com/en/Pokemon/Products/Singles/MEP-Black-Star-Promos/Oricorio-ex-MEP024,https://www.tcgplayer.com/product/664010?page=1&Language=English,https://www.pricecharting.com/game/pokemon-promo/oricorio-ex-24,"20,4",,28,,1
Mega Floette ex,101/086,Caos Ascendente,Português (PT-BR),NM,2026,Mega ex — Ultra Rara,https://www.ligapokemon.com.br/?view=cards/card&card=Mega%20Floette%20ex%20%28101/086%29&show=1&ed=CRI&num=101,https://mypcards.com/pokemon/produto/325081/mega-floette-ex,https://www.cardmarket.com/en/Pokemon/Products/Singles/Chaos-Rising/Mega-Floette-ex-V2-CRI101,https://www.tcgplayer.com/product/693512?page=1&Language=English,https://www.pricecharting.com/game/pokemon-chaos-rising/mega-floette-ex-101,9,,"15,5",,1
Mega Dragalge ex,104/086,Caos Ascendente,Português (PT-BR),NM,2026,Mega ex — Ultra Rara,https://www.ligapokemon.com.br/?view=cards/card&card=Mega%20Dragalge%20ex%20%28104/086%29&show=1&ed=CRI&num=104,https://mypcards.com/pokemon/produto/325084/mega-dragalge-ex,https://www.cardmarket.com/en/Pokemon/Products/Singles/Chaos-Rising/Mega-Dragalge-ex-V2-CRI104,https://www.tcgplayer.com/product/693509?page=1&Language=English,https://www.pricecharting.com/game/pokemon-chaos-rising/mega-dragalge-ex-104,"8,9",,15,,2
Pikachu,005/025,Celebrações,Português (PT-BR),NM,2021,Full Art,https://www.ligapokemon.com.br/?view=cards/card&card=Pikachu%20%28005/025%29&show=1&ed=CEL&num=005,https://mypcards.com/pokemon/produto/144185/pikachu,https://www.cardmarket.com/en/Pokemon/Products/Singles/Celebrations/Pikachu-V1-CEL005,https://www.tcgplayer.com/product/250303?page=1&Language=English,https://www.pricecharting.com/game/pokemon-celebrations/pikachu-5,33,,"46,5",,1
Pikachu,TG05/TG30,Origem Perdida,Português (PT-BR),NM,2022,Galeria de Treinador,https://www.ligapokemon.com.br/?view=cards/card&card=Pikachu%20%28TG05/TG30%29&show=1&ed=LORTG&num=TG05,https://mypcards.com/pokemon/produto/168028/pikachu,https://www.cardmarket.com/en/Pokemon/Products/Singles/Lost-Origin/Pikachu-V2-LORTG05,https://www.tcgplayer.com/product/284258?page=1&Language=English,https://www.pricecharting.com/game/pokemon-lost-origin/pikachu-tg05,"224,5",,326,,1
Charizard,4/102,Celebrações,Inglês,NM,2021,Coleção Clássica,https://www.ligapokemon.com.br/?view=cards/card&card=Charizard%20(02/25)&show=10&ed=CCC&num=02,https://mypcards.com/pokemon/produto/144245/charizard,https://www.cardmarket.com/en/Pokemon/Products/Singles/Celebrations/Charizard-V1-CELBS-4,https://www.tcgplayer.com/product/250320?page=1&Language=English,https://www.pricecharting.com/game/pokemon-celebrations/charizard-4,"1011,1",,1460,,1
Pikachu EX,XY124,XY — Promos,Português (PT-BR),NM,2016,EX — Full Art — Promo,https://www.ligapokemon.com.br/?view=cards/card&card=Pikachu%20EX%20%28XY124%29&show=1&ed=XYP&num=XY124,https://mypcards.com/pokemon/produto/41817/pikachu-ex,https://www.cardmarket.com/en/Pokemon/Products/Singles/XY-Black-Star-Promos/Pikachu-EX-V1-XYPRXY124,https://www.tcgplayer.com/product/123436?page=1&Language=English,https://www.pricecharting.com/game/pokemon-promo/pikachu-ex-xy124,1063,,1900,,1
Pikachu EX,XY124,XY — Promos,Português (PT-BR),MP,2016,EX — Full Art — Promo,https://www.ligapokemon.com.br/?view=cards/card&card=Pikachu%20EX%20%28XY124%29&show=1&ed=XYP&num=XY124,https://mypcards.com/pokemon/produto/41817/pikachu-ex,https://www.cardmarket.com/en/Pokemon/Products/Singles/XY-Black-Star-Promos/Pikachu-EX-V1-XYPRXY124,https://www.tcgplayer.com/product/123436?page=1&Language=English,https://www.pricecharting.com/game/pokemon-promo/pikachu-ex-xy124,285,,"378,9",,1
Charizard V,SWSH260,Espada e Escudo — Promos,Inglês,NM,2022,V — Arte Alternativa — Promo,https://www.ligapokemon.com.br/?view=cards/card&card=Charizard-V%20(SWSH260/71)&show=1&ed=SSPR&num=SWSH260,https://mypcards.com/pokemon/produto/175699/charizard-v,https://www.cardmarket.com/en/Pokemon/Products/Singles/SWSH-Black-Star-Promos/Charizard-V-SWSH260,https://www.tcgplayer.com/product/285384?page=1&Language=English,https://www.pricecharting.com/game/pokemon-promo/charizard-v-swsh260,"383,4",,600,,1
Charizard VMAX,SWSH261,Espada e Escudo — Promos,Inglês,NM,2022,VMAX — Promo,https://www.ligapokemon.com.br/?view=cards/card&card=Charizard-VMAX%20(SWSH261/71)&ed=SSPR&num=SWSH261&srsltid=AfmBOoogFrVqq8JfabQsqaayBWuG_NyeP8iHdQ-9coLcYMLYY86vd0ti,https://mypcards.com/pokemon/produto/175700/charizard-vmax,https://www.cardmarket.com/en/Pokemon/Products/Singles/SWSH-Black-Star-Promos/Charizard-VMAX-SWSH261,https://www.tcgplayer.com/product/285378?page=1&Language=English,https://www.pricecharting.com/game/pokemon-promo/charizard-vmax-swsh261,"283,3",,490,,1
Eevee VMAX,SWSH087,Espada e Escudo — Promos,Inglês,NM,2021,VMAX — Promo,https://www.ligapokemon.com.br/?view=cards/card&card=Eevee-VMAX%20(SWSH087/71)&show=1,https://mypcards.com/pokemon/produto/129746/eevee-vmax,https://www.cardmarket.com/en/Pokemon/Products/Singles/SWSH-Black-Star-Promos/Eevee-VMAX,https://www.tcgplayer.com/product/232611?page=1&Language=English,https://www.pricecharting.com/game/pokemon-promo/eevee-vmax-swsh087,"34,8",,49,,2
Tapu Koko VMAX,051/163,Estilos de Batalha,Português (PT-BR),NM,2021,VMAX,https://www.ligapokemon.com.br/?view=cards/card&card=Tapu+Koko-VMAX%20(51/163)&show=1,https://mypcards.com/pokemon/produto/131209/tapu-koko-vmax,https://www.cardmarket.com/en/Pokemon/Products/Singles/Battle-Styles/Tapu-Koko-VMAX,https://www.tcgplayer.com/product/234207?page=1&Language=English,https://www.pricecharting.com/game/pokemon-battle-styles/tapu-koko-vmax-51,"7,3",,13,,1
Pikachu Surfista V,008/025,Celebrações,Inglês,NM,2021,V,https://www.ligapokemon.com.br/?view=cards/card&card=Surfing%20Pikachu%20V%20(008/025)&show=1&ed=CEL&num=008,https://mypcards.com/pokemon/produto/144188/surfing-pikachu-v,https://www.cardmarket.com/en/Pokemon/Products/Singles/Celebrations/Surfing-Pikachu-V,https://www.tcgplayer.com/product/250306?page=1&Language=English,https://www.pricecharting.com/game/pokemon-celebrations/surfing-pikachu-v-8,"16,7",,"34,9",,2
Pikachu Surfista V,008/025,Celebrações,Português (PT-BR),NM,2021,V,https://www.ligapokemon.com.br/?view=cards/card&card=Surfing%20Pikachu%20V%20(008/025)&show=1&ed=CEL&num=008,https://mypcards.com/pokemon/produto/144188/surfing-pikachu-v,https://www.cardmarket.com/en/Pokemon/Products/Singles/Celebrations/Surfing-Pikachu-V,https://www.tcgplayer.com/product/250306?page=1&Language=English,https://www.pricecharting.com/game/pokemon-celebrations/surfing-pikachu-v-8,"16,7",,30,,1
Pikachu Surfista VMAX,009/025,Celebrações,Inglês,NM,2021,VMAX,https://www.ligapokemon.com.br/?view=cards/card&card=Surfing+Pikachu-VMAX%20(09/25)&show=1&ed=CEL&num=09,https://mypcards.com/pokemon/produto/144189/surfing-pikachu-vmax,https://www.cardmarket.com/en/Pokemon/Products/Singles/Celebrations/Surfing-Pikachu-VMAX,https://www.tcgplayer.com/product/250307?page=1&Language=English,https://www.pricecharting.com/game/pokemon-celebrations/surfing-pikachu-vmax-9,"36,2",,80,,1
Charizard V-ASTRO,SWSH262,Espada e Escudo — Promos,Inglês,NM,2022,V-ASTRO — Promo,https://www.ligapokemon.com.br/?view=cards/card&card=Charizard%20VSTAR%20(SWSH262)&show=1&ed=SWSHP&num=SWSH262,https://mypcards.com/pokemon/produto/175701/charizard-v-astro,https://www.cardmarket.com/en/Pokemon/Products/Singles/SWSH-Black-Star-Promos/Charizard-VSTAR-SWSH262,https://www.tcgplayer.com/product/285396?page=1&Language=English,https://www.pricecharting.com/game/pokemon-promo/charizard-vstar-swsh262,568,,1100,,1
Charizard Radiante,011/078,Pokémon GO,Inglês,NM,2022,Radiante,https://www.ligapokemon.com.br/?view=cards/card&card=Radiant%20Charizard%20(011/078)&show=1&ed=PGO&num=011,https://mypcards.com/pokemon/produto/163932/charizard-radiante,https://www.cardmarket.com/en/Pokemon/Products/Singles/Pokemon-GO/Radiant-Charizard-PGO011,https://www.tcgplayer.com/product/274467?page=1&Language=English,https://www.pricecharting.com/game/pokemon-go/radiant-charizard-11,"127,8",,220,,1
Kyurem VMAX,049/196,Origem Perdida,Português (PT-BR),NM,2022,VMAX,https://www.ligapokemon.com.br/?view=cards/card&card=Kyurem%20VMAX%20(049/196)&show=1&ed=LOR&num=049,https://mypcards.com/pokemon/produto/167855/kyurem-vmax,https://www.cardmarket.com/en/Pokemon/Products/Singles/Lost-Origin/Kyurem-VMAX-V1-LOR049,https://www.tcgplayer.com/product/283923?page=1&Language=English,https://www.pricecharting.com/game/pokemon-lost-origin/kyurem-vmax-49,"10,9",,"14,9",,1
Zeraora VMAX,SWSH264,Espada e Escudo — Promos,Português (PT-BR),NM,2022,VMAX — Promo,https://www.ligapokemon.com.br/?view=cards/card&card=Zeraora-VMAX(SWSH264/71)&srsltid=AfmBOooi3vLrtkKujMYeP1bEB-WjJCfbYQgGiUcOND5Z-hiyKHRrLRU_,https://mypcards.com/pokemon/produto/175703/zeraora-vmax,https://www.cardmarket.com/en/Pokemon/Products/Singles/SWSH-Black-Star-Promos/Zeraora-VMAX-SWSH264,https://www.tcgplayer.com/product/449519?page=1&Language=English,https://www.pricecharting.com/game/pokemon-promo/zeraora-vmax-swsh264,"12,7",,"18,9",,1
Deoxys VMAX,SWSH267,Espada e Escudo — Promos,Português (PT-BR),NM,2022,VMAX — Promo,https://www.ligapokemon.com.br/?view=cards/card&card=Deoxys-VMAX%20(SWSH267/71)&show=1,https://mypcards.com/pokemon/produto/175706/deoxys-vmax,https://www.cardmarket.com/en/Pokemon/Products/Singles/SWSH-Black-Star-Promos/Deoxys-VMAX-SWSH267,https://www.tcgplayer.com/product/449522?page=1&Language=English,https://www.pricecharting.com/game/pokemon-promo/deoxys-vmax-swsh267,"11,3",,"15,9",,1
Ditto VMAX,051/072,Destinos Brilhantes,Inglês,NM,2021,VMAX,https://www.ligapokemon.com.br/?view=cards/card&card=Ditto%20VMAX%20(051/072)&show=1&ed=SHF&num=051,https://mypcards.com/pokemon/produto/129566/ditto-vmax,https://www.cardmarket.com/en/Pokemon/Products/Singles/Shining-Fates/Ditto-VMAX,https://www.tcgplayer.com/product/232526?page=1&Language=English,https://www.pricecharting.com/game/pokemon-shining-fates/ditto-vmax-51,"17,7",,"24,9",,1
Mega Charizard X ex,013/094,Fogo Fantasmagórico,Português (PT-BR),NM,2025,Mega ex,https://www.ligapokemon.com.br/?view=cards/card&card=Mega%20Charizard%20X%20ex%20(013/094)&show=1&ed=PFL&num=013,https://mypcards.com/pokemon/produto/300619/mega-charizard-x-ex,https://www.cardmarket.com/en/Pokemon/Products/Singles/Phantasmal-Flames/Mega-Charizard-X-ex-V1-PFL013,https://www.tcgplayer.com/product/662182?page=1&Language=English,https://www.pricecharting.com/game/pokemon-phantasmal-flames/mega-charizard-x-ex-13,"8,4",,"14,5",,2
Mega Charizard X ex,MEP 023,Megaevolução — Promos,Português (PT-BR),NM,2025,Mega ex — Promo,https://www.ligapokemon.com.br/?view=cards/card&card=Mega%20Charizard%20X%20ex%20(023/%E2%88%9E)&show=1&ed=MEP&num=023,https://mypcards.com/pokemon/produto/304239/mega-charizard-x-ex,https://www.cardmarket.com/en/Pokemon/Products/Singles/MEP-Black-Star-Promos/Mega-Charizard-X-ex-V1-MEP023,https://www.tcgplayer.com/product/659612?page=1&Language=English,https://www.pricecharting.com/game/pokemon-promo/mega-charizard-x-ex-23,"110,9",,122,,1
Primal Kyogre EX,96/98,Origens Ancestrais,Português (PT-BR),D,2015,Primal EX — Arte Secreta,https://www.ligapokemon.com.br/?view=cards/card&card=Primal%20Kyogre-EX%20(96/98)&show=1&ed=AOR&num=96,https://mypcards.com/pokemon/produto/32735/kyogre-primitivoex,https://www.cardmarket.com/en/Pokemon/Products/Singles/Ancient-Origins/Primal-Kyogre-EX-AOR96,https://www.tcgplayer.com/product/101518?page=1&Language=English,https://www.pricecharting.com/game/pokemon-ancient-origins/primal-kyogre-ex-96,220,,240,,1
M Lucario EX,55a/111,Punhos Furiosos,Inglês,MP,2014,Mega EX — Arte Alternativa,https://www.ligapokemon.com.br/?view=cards/card&card=M%20Lucario-EX%20(55a/111)&show=1&ed=FFI&num=55a,https://mypcards.com/pokemon/produto/66621/m-lucario-ex,https://www.cardmarket.com/en/Pokemon/Products/Singles/Furious-Fists/MLucario-EX-V2-FFI55a,https://www.tcgplayer.com/product/131695?page=1&Language=English,https://www.pricecharting.com/game/pokemon-furious-fists/m-lucario-ex-55a,"374,8",,900,,1
Diancie EX,72/124,Fusão de Destinos,Português (PT-BR),MP,2016,EX,https://www.ligapokemon.com.br/?view=cards/card&card=Diancie-EX%20(72/124)&show=1&ed=FCO&num=72,https://mypcards.com/pokemon/produto/35562/diancie-ex,https://www.cardmarket.com/en/Pokemon/Products/Singles/Fates-Collide/Diancie-EX-FCO72,https://www.tcgplayer.com/product/117847?page=1&Language=English,https://www.pricecharting.com/game/pokemon-fates-collide/diancie-ex-72,"7,3",,18,,1
Diancie EX,XY43,XY — Promos,Português (PT-BR),MP,2014,EX — Promo,https://www.ligapokemon.com.br/?view=cards/card&card=Diancie-EX%20(XY43/%E2%88%9E)&show=1&ed=XYPR&num=XY43,https://mypcards.com/pokemon/produto/41736/diancie-ex,https://www.cardmarket.com/en/Pokemon/Products/Singles/XY-Black-Star-Promos/Diancie-EX-XYPRXY43,https://www.tcgplayer.com/product/96416?page=1&Language=English,https://www.pricecharting.com/game/pokemon-promo/diancie-ex-xy43,"11,7",,"24,9",,1
M Glalie EX,35/162,Turbo Revolução,Inglês,MP,2015,Mega EX,https://www.ligapokemon.com.br/?view=cards/card&card=M%20Glalie-EX%20(35/162)&show=1&ed=BKT&num=35,https://mypcards.com/pokemon/produto/33450/m-glalie-ex,https://www.cardmarket.com/en/Pokemon/Products/Singles/BREAKthrough/MGlalie-EX-BKT35,https://www.tcgplayer.com/product/107154?page=1&Language=English,https://www.pricecharting.com/game/pokemon-breakthrough/m-glalie-ex-35,"18,8",,38,,1
M Mawile EX,XY104,XY — Promos,Inglês,HP,2016,Mega EX — Promo,https://www.ligapokemon.com.br/?view=cards/card&card=M%20Mawile-EX%20(XY104/%E2%88%9E)&show=1&ed=XYPR&num=XY104,https://mypcards.com/pokemon/produto/41797/m-mawile-ex,https://www.cardmarket.com/en/Pokemon/Products/Singles/XY-Black-Star-Promos/MMawile-EX-XYPRXY104,https://www.tcgplayer.com/product/118860?page=1&Language=English,https://www.pricecharting.com/game/pokemon-promo/mega-mawile-ex-xy104,"16,3",,50,,1
Mawile EX,XY103,XY — Promos,Inglês,MP,2016,EX — Promo,https://www.ligapokemon.com.br/?view=cards/card&card=Mawile-EX%20(XY103/%E2%88%9E)&show=1&ed=XYPR&num=XY103,https://mypcards.com/pokemon/produto/41796/mawile-ex,https://www.cardmarket.com/en/Pokemon/Products/Singles/XY-Black-Star-Promos/Mawile-EX-XYPRXY103,https://www.tcgplayer.com/product/118859?page=1&Language=English,https://www.pricecharting.com/game/pokemon-promo/mawile-ex-xy103,7,,"24,9",,1
M Alakazam EX,26/124,Fusão de Destinos,Português (PT-BR),HP,2016,Mega EX,https://www.ligapokemon.com.br/?view=cards/card&card=M%20Alakazam-EX%20(26/124)&show=1&ed=FCO&num=26,https://mypcards.com/pokemon/produto/35515/m-alakazam-ex,https://www.cardmarket.com/en/Pokemon/Products/Singles/Fates-Collide/MAlakazam-EX-V1-FCO26,https://www.tcgplayer.com/product/117515?page=1&Language=English,https://www.pricecharting.com/game/pokemon-fates-collide/m-alakazam-ex-26,"13,5",,"49,9",,1
Gardevoir GX,93/147,Sombras Ardentes,Português (PT-BR),NM,2017,GX,https://www.ligapokemon.com.br/?view=cards/card&card=Gardevoir-GX%20(93/147)&show=1&ed=BUS&num=93,https://mypcards.com/pokemon/produto/64290/gardevoir-gx,https://www.cardmarket.com/en/Pokemon/Products/Singles/Burning-Shadows/Gardevoir-GX-V1-BUS93,https://www.tcgplayer.com/product/138585?page=1&Language=English,https://www.pricecharting.com/game/pokemon-burning-shadows/gardevoir-gx-93,"35,2",,"49,5",,1
Whimsicott GX,140/214,Elos Inquebráveis,Português (PT-BR),NM,2019,GX,https://www.ligapokemon.com.br/?view=cards/card&card=Whimsicott-GX%20(140/214)&show=1&ed=UNB&num=140,https://mypcards.com/pokemon/produto/89321/whimsicott-gx,https://www.cardmarket.com/en/Pokemon/Products/Singles/Unbroken-Bonds/Whimsicott-GX-V1-UNB140,https://www.tcgplayer.com/product/189238?page=1&Language=English,https://www.pricecharting.com/game/pokemon-unbroken-bonds/whimsicott-gx-140,"28,3",,"39,9",,1
Xerneas EX,XY07,XY — Promos,Português (PT-BR),D,2014,EX — Promo,https://www.ligapokemon.com.br/?view=cards/card&card=Xerneas-EX%20(XY07/%E2%88%9E)&show=1&ed=XYPR&num=XY07,https://mypcards.com/pokemon/produto/41700/xerneas-ex,https://www.cardmarket.com/en/Pokemon/Products/Singles/XY-Black-Star-Promos/Xerneas-EX-V1-XYPRXY07,https://www.tcgplayer.com/product/90673?page=1&Language=English,https://www.pricecharting.com/game/pokemon-promo/xerneas-ex-xy07,3,,4,,1
Decidueye ex,015/197,Obsidiana em Chamas,Português (PT-BR),NM,2023,ex,https://www.ligapokemon.com.br/?view=cards/card&card=Decidueye%20ex%20(015/197)&show=1&ed=SV3&num=015,https://mypcards.com/pokemon/produto/199254/decidueye-ex,https://www.cardmarket.com/en/Pokemon/Products/Singles/Obsidian-Flames/Decidueye-ex-V1-OBF015,https://www.tcgplayer.com/product/509719?page=1&Language=English,https://www.pricecharting.com/game/pokemon-obsidian-flames/decidueye-ex-15,"5,8",,"8,2",,1
Hydrapple ex,011/131,Evoluções Prismáticas,Português (PT-BR),NM,2025,ex,https://www.ligapokemon.com.br/?view=cards/card&card=Hydrapple%20ex%20(011/131)&show=1&ed=PRE&num=011,https://mypcards.com/pokemon/produto/260317/hydrapple-ex,https://www.cardmarket.com/en/Pokemon/Products/Singles/Prismatic-Evolutions/Hydrapple-ex-V1-PRE011,https://www.tcgplayer.com/product/610366?page=1&Language=English,https://www.pricecharting.com/game/pokemon-prismatic-evolutions/hydrapple-ex-11,"3,9",,"6,8",,1
Bulbasaur,133/132 Stamped,Megaevolução,Português (PT-BR),NM,2025,Arte Rara,https://www.ligapokemon.com.br/?view=cards/card&card=Bulbasaur%20(Mega%20Evolution%20Stamp)&ed=MEP&num=133b&srsltid=AfmBOoq_kEPcZBbLO5dECQ2KnE6lF98vDVUUuUu4JVZVedgTqXpQ39Ky,https://mypcards.com/pokemon/produto/294382/bulbasaur,https://www.cardmarket.com/en/Pokemon/Products/Singles/Mega-Evolution/Bulbasaur-V2-MEG133,https://www.tcgplayer.com/product/654472?page=1&Language=English,https://www.pricecharting.com/game/pokemon-mega-evolution/bulbasaur-133,"18,4",,"25,9",,3
Mega Venusaur ex,003/132,Megaevolução,Português (PT-BR),NM,2025,Mega ex,https://www.ligapokemon.com.br/?view=cards/card&card=Mega%20Venusaur%20ex%20(003/132)&show=1&ed=MEG&num=003,https://mypcards.com/pokemon/produto/294251/mega-venusaur-ex,https://www.cardmarket.com/en/Pokemon/Products/Singles/Mega-Evolution/Mega-Venusaur-ex-V1-MEG003,https://www.tcgplayer.com/product/654342?page=1&Language=English,https://www.pricecharting.com/game/pokemon-mega-evolution/mega-venusaur-ex-3,"3,1",,5,,3
Mega Venusaur ex,155/132,Megaevolução,Português (PT-BR),NM,2025,Mega ex — Full Art,https://www.ligapokemon.com.br/?view=cards/card&card=Mega%20Venusaur%20ex%20(155/132)&show=1&ed=MEG&num=155,https://mypcards.com/pokemon/produto/294404/mega-venusaur-ex,https://www.cardmarket.com/en/Pokemon/Products/Singles/Mega-Evolution/Mega-Venusaur-ex-V2-MEG155,https://www.tcgplayer.com/product/654494?page=1&Language=English,https://www.pricecharting.com/game/pokemon-mega-evolution/mega-venusaur-ex-155,"17,9",,"31,9",,1
M Latios EX,59/108,Céus Estrondosos,Português (PT-BR),MP,2015,Mega EX,https://www.ligapokemon.com.br/?view=cards/card&card=M%20Latios%20EX%20(59/108)&show=1&ed=ROS&num=59,https://mypcards.com/pokemon/produto/39405/m-latios-ex,https://www.cardmarket.com/en/Pokemon/Products/Singles/Roaring-Skies/M-Latios-EX-V1-ROS59,https://www.tcgplayer.com/product/98095?page=1&Language=English,https://www.pricecharting.com/game/pokemon-roaring-skies/m-latios-ex-59,"42,5",,90,,1
M Rayquaza EX,61/108,Céus Estrondosos,Português (PT-BR),HP,2015,Mega EX,https://www.ligapokemon.com.br/?view=cards/card&card=M%20Rayquaza%20EX%20(61/108)&show=1&ed=ROS&num=61,https://mypcards.com/pokemon/produto/39407/m-rayquaza-ex,https://www.cardmarket.com/en/Pokemon/Products/Singles/Roaring-Skies/M-Rayquaza-EX-V1-ROS61,https://www.tcgplayer.com/product/98097?page=1&Language=English,https://www.pricecharting.com/game/pokemon-roaring-skies/m-rayquaza-ex-61,90,,110,,1
Mega Venusaur ex,MEP 013,Megaevolução — Promos,Português (PT-BR),NM,2025,Mega ex — Promo,https://www.ligapokemon.com.br/?view=cards/card&card=Mega+Venusaur+ex%20(013/%E2%88%9E)&show=1&ed=MEP&num=013,https://mypcards.com/pokemon/produto/304229/mega-venusaur-ex,https://www.cardmarket.com/en/Pokemon/Products/Singles/MEP-Black-Star-Promos/Mega-Venusaur-ex-V1-MEP013,https://www.tcgplayer.com/product/666905?page=1&Language=English,https://www.pricecharting.com/game/pokemon-promo/mega-venusaur-ex-13,"4,5",,"6,3",,2
Decidueye ex,012/088,Equilíbrio Perfeito,Português (PT-BR),NM,2026,ex,https://www.ligapokemon.com.br/?view=cards/card&card=Decidueye%20ex%20(012/088)&show=1&ed=POR&num=012,https://mypcards.com/pokemon/produto/316717/decidueye-ex-012088,https://www.cardmarket.com/en/Pokemon/Products/Singles/Perfect-Order/Decidueye-ex-V1-POR012,https://www.tcgplayer.com/product/684370?page=1&Language=English,https://www.pricecharting.com/game/pokemon-perfect-order/decidueye-ex-12,"1,85",,"1,9",,2
Beedrill ex,003/086,Caos Ascendente,Português (PT-BR),NM,2026,ex,https://www.ligapokemon.com.br/?view=cards/card&card=Beedrill%20ex%20(003/086)&show=1&ed=CRI&num=003,https://mypcards.com/pokemon/produto/324983/beedrill-ex,https://www.cardmarket.com/en/Pokemon/Products/Singles/Chaos-Rising/Beedrill-ex-V1-CRI003,https://www.tcgplayer.com/product/693453?page=1&Language=English,https://www.pricecharting.com/game/pokemon-chaos-rising/beedrill-ex-3,"3,2",,"4,5",,1
Incineroar GX,27/149,Sol e Lua,Português (PT-BR),NM,2017,GX,https://www.ligapokemon.com.br/?view=cards/card&card=Incineroar%20GX%20(27/149)&show=1&ed=SUM&num=27,https://mypcards.com/pokemon/produto/40002/incineroar-gx,https://www.cardmarket.com/en/Pokemon/Products/Singles/Sun-Moon/Incineroar-GX-SUM27,https://www.tcgplayer.com/product/126898?page=1&Language=English,https://www.pricecharting.com/game/pokemon-sun-%26-moon/incineroar-gx-27,"5,6",,"8,5",,1
Primarina GX,42/149,Sol e Lua,Inglês,NM,2017,GX,https://www.ligapokemon.com.br/?view=cards/card&card=Primarina%20GX%20(42/149)&show=1&ed=SUM&num=42,https://mypcards.com/pokemon/produto/40017/primarina-gx,https://www.cardmarket.com/en/Pokemon/Products/Singles/Sun-Moon/Primarina-GX-SUM42,https://www.tcgplayer.com/product/126913?page=1&Language=English,https://www.pricecharting.com/game/pokemon-sun-%26-moon/primarina-gx-42,"19,2",,30,,1
Primarina GX,42/149,Sol e Lua,Português (PT-BR),NM,2017,GX,https://www.ligapokemon.com.br/?view=cards/card&card=Primarina%20GX%20(42/149)&show=1&ed=SUM&num=42,https://mypcards.com/pokemon/produto/40017/primarina-gx,https://www.cardmarket.com/en/Pokemon/Products/Singles/Sun-Moon/Primarina-GX-SUM42,https://www.tcgplayer.com/product/126913?page=1&Language=English,https://www.pricecharting.com/game/pokemon-sun-%26-moon/primarina-gx-42,"19,2",,27,,2
Lycanroc GX,SM14,Sol e Lua — Promos,Português (PT-BR),NM,2017,GX — Promo,https://www.ligapokemon.com.br/?view=cards/card&card=Lycanroc-GX%20(SM14/250)&ed=SMP&num=SM14&srsltid=AfmBOorInDjYwgWeu2FE3sq92jiLqv3oWc1sfwRWIjtMSy_cxbK4iFql,https://mypcards.com/pokemon/produto/40330/lycanroc-gx,https://www.cardmarket.com/en/Pokemon/Products/Singles/SM-Black-Star-Promos/Lycanroc-GX-SM14,https://www.tcgplayer.com/product/127520?page=1&Language=English,https://www.pricecharting.com/game/pokemon-promo/lycanroc-gx-sm14,7,,10,,2
Kommo-o GX,100/145,Guardiões Ascendentes,Português (PT-BR),NM,2017,GX,https://www.ligapokemon.com.br/?view=cards/card&card=Kommo-o%20GX%20(100/145)&show=1&ed=GRI&num=100,https://mypcards.com/pokemon/produto/40247/kommo-o-gx,https://www.cardmarket.com/en/Pokemon/Products/Singles/Guardians-Rising/Kommo-o-GX-GRI100,https://www.tcgplayer.com/product/131016?page=1&Language=English,https://www.pricecharting.com/game/pokemon-guardians-rising/kommo-o-gx-100,7,,"9,9",,1
Gyarados GX,18/111,Invasão Carmim,Português (PT-BR),NM,2017,GX,https://www.ligapokemon.com.br/?view=cards/card&card=Gyarados%20GX%20(18/111)&show=1&ed=CIN&num=18,https://mypcards.com/pokemon/produto/74265/gyarados-gx,https://www.cardmarket.com/en/Pokemon/Products/Singles/Crimson-Invasion/Gyarados-GX-CIN18,https://www.tcgplayer.com/product/149039?page=1&Language=English,https://www.pricecharting.com/game/pokemon-crimson-invasion/gyarados-gx-18,20,,67,,1
Victini V,021/163,Estilos de Batalha,Português (PT-BR),NM,2021,V,https://www.ligapokemon.com.br/?view=cards/card&card=Victini-V%20(21/163)&ed=BST&srsltid=AfmBOopIl_KYiBjVLO7po3wd_bxm76UgSMsODWB08boneiVFsrTGmziR,https://mypcards.com/pokemon/produto/131179/victini-v,https://www.cardmarket.com/en/Pokemon/Products/Singles/Battle-Styles/Victini-V-BST021,https://www.tcgplayer.com/product/234102?page=1&Language=English,https://www.pricecharting.com/game/pokemon-battle-styles/victini-v-21,"7,2",,10,,1
Zamazenta V,018/025,Celebrações,Inglês,NM,2021,V,https://www.ligapokemon.com.br/?view=cards/card&card=Zamazenta%20V%20(018/025)&show=1&ed=CEL&num=018,https://mypcards.com/pokemon/produto/144198/zamazenta-v,https://www.cardmarket.com/en/Pokemon/Products/Singles/Celebrations/Zamazenta-V-CEL018,https://www.tcgplayer.com/product/250299?page=1&Language=English,https://www.pricecharting.com/game/pokemon-celebrations/zamazenta-v-18,"7,8",,"7,9",,1
Zapdos de Galar V,080/198,Reinado Arrepiante,Inglês,NM,2021,V,https://www.ligapokemon.com.br/?view=cards/card&card=Galarian%20Zapdos%20V%20(080/198)&show=1&ed=CRE&num=080,https://mypcards.com/pokemon/produto/135583/zapdos-de-galar-v,https://www.cardmarket.com/en/Pokemon/Products/Singles/Chilling-Reign/Galarian-Zapdos-V-CRE080,https://www.tcgplayer.com/product/241745?page=1&Language=English,https://www.pricecharting.com/game/pokemon-chilling-reign/galarian-zapdos-v-80,"8,3",,14,,1
Glaceon V,040/203,Céus em Evolução,Português (PT-BR),NM,2021,V,https://www.ligapokemon.com.br/?view=cards/card&card=Glaceon%20V%20(040/203)&show=1&ed=EVS&num=040,https://mypcards.com/pokemon/produto/141346/glaceon-v,https://www.cardmarket.com/en/Pokemon/Products/Singles/Evolving-Skies/Glaceon-V-EVS040,https://www.tcgplayer.com/product/246744?page=1&Language=English,https://www.pricecharting.com/game/pokemon-evolving-skies/glaceon-v-40,"16,8",,"18,9",,1
Volcarona V,021/203,Céus em Evolução,Inglês,NM,2021,V,https://www.ligapokemon.com.br/?view=cards/card&card=Volcarona%20V%20(021/203)&show=1&ed=EVS&num=021,https://mypcards.com/pokemon/produto/141327/volcarona-v,https://www.cardmarket.com/en/Pokemon/Products/Singles/Evolving-Skies/Volcarona-V-EVS021,https://www.tcgplayer.com/product/246715?page=1&Language=English,https://www.pricecharting.com/game/pokemon-evolving-skies/volcarona-v-21,"9,9",,"17,5",,1
Lumineon V,SWSH250,Espada e Escudo — Promos,Inglês,NM,2022,V — Promo,https://www.ligapokemon.com.br/?view=cards/card&card=Lumineon-V%20(SWSH250/71)&srsltid=AfmBOop0F0j2XgRmIHCfNiuhiM7vvMs6tER7XCgGU4fWmCbS71iSFae9,https://mypcards.com/pokemon/produto/164903/lumineon-v,https://www.cardmarket.com/en/Pokemon/Products/Singles/SWSH-Black-Star-Promos/Lumineon-V-SWSH250,https://www.tcgplayer.com/product/279141?page=1&Language=English,https://www.pricecharting.com/game/pokemon-promo/lumineon-v-swsh250,"3,5",,5,,2
Simisear V,027/172,Astros Cintilantes,Português (PT-BR),NM,2022,V,https://www.ligapokemon.com.br/?view=cards/card&card=Simisear-V%20(27/172)&ed=BRS&num=27&srsltid=AfmBOoqGtrL5_fQdXSSo-rM_xDzL8J1Lms5YXtOiz0dXzUZQoAKhLUxH,https://mypcards.com/pokemon/produto/154855/simisear-v,https://www.cardmarket.com/en/Pokemon/Products/Singles/Brilliant-Stars/Simisear-V-BRS027,https://www.tcgplayer.com/product/263726?page=1&Language=English,https://www.pricecharting.com/game/pokemon-brilliant-stars/simisear-v-27,"4,4",,"7,9",,1
Kleavor V,087/189,Estrelas Radiantes,Português (PT-BR),NM,2022,V,https://www.ligapokemon.com.br/?view=cards/card&card=Kleavor%20V%20(087/189)&show=1&ed=ASR&num=087,https://mypcards.com/pokemon/produto/160548/kleavor-v,https://www.cardmarket.com/en/Pokemon/Products/Singles/Astral-Radiance/Kleavor-V-ASR087,https://www.tcgplayer.com/product/272288?page=1&Language=English,https://www.pricecharting.com/game/pokemon-astral-radiance/kleavor-v-87,5,,"8,5",,1
Kleavor V,087/189,Estrelas Radiantes,Inglês,NM,2022,V,https://www.ligapokemon.com.br/?view=cards/card&card=Kleavor%20V%20(087/189)&show=1&ed=ASR&num=087,https://mypcards.com/pokemon/produto/160548/kleavor-v,https://www.cardmarket.com/en/Pokemon/Products/Singles/Astral-Radiance/Kleavor-V-ASR087,https://www.tcgplayer.com/product/272288?page=1&Language=English,https://www.pricecharting.com/game/pokemon-astral-radiance/kleavor-v-87,5,,"9,4",,1
Alolan Exeggutor V,SWSH225,Espada e Escudo — Promos,Português (PT-BR),NM,2022,V — Promo,https://www.ligapokemon.com.br/?view=cards/card&card=Alolan%20Exeggutor%20V%20(SWSH225)&show=1&ed=SWSHP&num=SWSH225,https://mypcards.com/pokemon/produto/164891/exeggutor-de-alola-v,https://www.cardmarket.com/en/Pokemon/Products/Singles/SWSH-Black-Star-Promos/Alolan-Exeggutor-V-SWSH225,https://www.tcgplayer.com/product/270723?page=1&Language=English,https://www.pricecharting.com/game/pokemon-promo/alolan-exeggutor-v-swsh225,"5,4",,8,,1
Machamp V,072/189,Estrelas Radiantes,Português (PT-BR),NM,2022,V,https://www.ligapokemon.com.br/?view=cards/card&card=Machamp%20V%20(072/189)&show=1&ed=ASR&num=072,https://mypcards.com/pokemon/produto/160533/machamp-v,https://www.cardmarket.com/en/Pokemon/Products/Singles/Astral-Radiance/Machamp-V-ASR072,https://www.tcgplayer.com/product/272273?page=1&Language=English,https://www.pricecharting.com/game/pokemon-astral-radiance/machamp-v-72,39,,55,,2
Galarian Mr. Rime V,049/189,Estrelas Radiantes,Português (PT-BR),NM,2022,V,https://www.ligapokemon.com.br/?view=cards/card&card=Galarian%20Mr.%20Rime%20V%20(049/189)&show=1&ed=ASR&num=049,https://mypcards.com/pokemon/produto/160510/mr-rime-de-galar-v,https://www.cardmarket.com/en/Pokemon/Products/Singles/Astral-Radiance/Galarian-Mr-Rime-V-ASR049,https://www.tcgplayer.com/product/272249?page=1&Language=English,https://www.pricecharting.com/game/pokemon-astral-radiance/galarian-mr-rime-v-49,"5,3",,"9,4",,1
Hisuian Goodra V,135/196,Origem Perdida,Português (PT-BR),NM,2022,V,https://www.ligapokemon.com.br/?view=cards/card&card=Hisuian%20Goodra%20V%20(135/196)&show=1&ed=LOR&num=135,https://mypcards.com/pokemon/produto/167941/goodra-de-hisui-v,https://www.cardmarket.com/en/Pokemon/Products/Singles/Lost-Origin/Hisuian-Goodra-V-LOR135,https://www.tcgplayer.com/product/284058?page=1&Language=English,https://www.pricecharting.com/game/pokemon-lost-origin/hisuian-goodra-v-135,"2,7",,"4,8",,1
Conkeldurr V,040/078,Pokémon GO,Inglês,NM,2022,V,https://www.ligapokemon.com.br/?view=cards/card&card=Conkeldurr%20V%20(040/078)&show=1&ed=PGO&num=040,https://mypcards.com/pokemon/produto/163961/conkeldurr-v,https://www.cardmarket.com/en/Pokemon/Products/Singles/Pokemon-GO/Conkeldurr-V-PGO040,https://www.tcgplayer.com/product/276999?page=1&Language=English,https://www.pricecharting.com/game/pokemon-go/conkeldurr-v-40,"3,9",,"6,8",,1
Kyurem V,048/196,Origem Perdida,Português (PT-BR),NM,2022,V,https://www.ligapokemon.com.br/?view=cards/card&card=Kyurem%20V%20(048/196)&show=1&ed=LOR&num=048,https://mypcards.com/pokemon/produto/167854/kyurem-v,https://www.cardmarket.com/en/Pokemon/Products/Singles/Lost-Origin/Kyurem-V-LOR048,https://www.tcgplayer.com/product/283922?page=1&Language=English,https://www.pricecharting.com/game/pokemon-lost-origin/kyurem-v-48,"5,5",,"8,9",,1
Giratina V,130/196,Origem Perdida,Português (PT-BR),NM,2022,V,https://www.ligapokemon.com.br/?view=cards/card&card=Giratina%20V%20(130/196)&show=1&ed=LOR&num=130,https://mypcards.com/pokemon/produto/167936/giratina-v,https://www.cardmarket.com/en/Pokemon/Products/Singles/Lost-Origin/Giratina-V-LOR130,https://www.tcgplayer.com/product/284050?page=1&Language=English,https://www.pricecharting.com/game/pokemon-lost-origin/giratina-v-130,"7,1",,10,,1
Vulpix de Alola V,033/195,Tempestade Prateada,Português (PT-BR),NM,2022,V,https://www.ligapokemon.com.br/?view=cards/card&card=Alolan%20Vulpix%20V%20(033/195)&show=1&ed=SIT&num=033,https://mypcards.com/pokemon/produto/174790/vulpix-de-alola-v,https://www.cardmarket.com/en/Pokemon/Products/Singles/Silver-Tempest/Alolan-Vulpix-V-SIT033,https://www.tcgplayer.com/product/451665?page=1&Language=English,https://www.pricecharting.com/game/pokemon-silver-tempest/alolan-vulpix-v-33,"6,7",,12,,1
Chesnaught V,015/195,Tempestade Prateada,Português (PT-BR),NM,2022,V,https://www.ligapokemon.com.br/?view=cards/card&card=Chesnaught%20V%20(015/195)&show=1&ed=SIT&num=015,https://mypcards.com/pokemon/produto/174772/chesnaught-v,https://www.cardmarket.com/en/Pokemon/Products/Singles/Silver-Tempest/Chesnaught-V-SIT015,https://www.tcgplayer.com/product/451643?page=1&Language=English,https://www.pricecharting.com/game/pokemon-silver-tempest/chesnaught-v-15,"3,9",,"5,9",,1
Omastar V,035/195,Tempestade Prateada,Português (PT-BR),NM,2022,V,https://www.ligapokemon.com.br/?view=cards/card&card=Omastar%20V%20(035/195)&show=1&ed=SIT&num=035,https://mypcards.com/pokemon/produto/174792/omastar-v,https://www.cardmarket.com/en/Pokemon/Products/Singles/Silver-Tempest/Omastar-V-SIT035,https://www.tcgplayer.com/product/451668?page=1&Language=English,https://www.pricecharting.com/game/pokemon-silver-tempest/omastar-v-35,"5,3",,"6,7",,1
Klawf ex,120/197,Obsidiana em Chamas,Português (PT-BR),NM,2023,ex,https://www.ligapokemon.com.br/?view=cards/card&card=Klawf%20ex%20(120/197)&show=1&ed=OBF&num=120,https://mypcards.com/pokemon/produto/199359/klawf-ex,https://www.cardmarket.com/en/Pokemon/Products/Singles/Obsidian-Flames/Klawf-ex-OBF120,https://www.tcgplayer.com/product/509869?page=1&Language=English,https://www.pricecharting.com/game/pokemon-obsidian-flames/klawf-ex-120,"4,8",,7,,1
Skeledirge ex,037/193,Evoluções em Paldea,Português (PT-BR),NM,2023,ex,https://www.ligapokemon.com.br/?view=cards/card&card=Skeledirge+ex%20(037/193)&show=1&ed=PAL&num=037,https://mypcards.com/pokemon/produto/192972/skeledirge-ex,https://www.cardmarket.com/en/Pokemon/Products/Singles/Paldea-Evolved/Skeledirge-ex-PAL037,https://www.tcgplayer.com/product/497448?page=1&Language=English,https://www.pricecharting.com/game/pokemon-paldea-evolved/skeledirge-ex-37,"4,9",,"5,5",,1
Quaquaval ex,052/193,Evoluções em Paldea,Alemão,NM,2023,ex,https://www.ligapokemon.com.br/?view=cards/card&card=Quaquaval%20ex%20(052/193)&show=1&ed=SV2&num=052,https://mypcards.com/pokemon/produto/192987/quaquaval-ex,https://www.cardmarket.com/en/Pokemon/Products/Singles/Paldea-Evolved/Quaquaval-ex-PAL052,https://www.tcgplayer.com/product/497463?page=1&Language=English,https://www.pricecharting.com/game/pokemon-paldea-evolved/quaquaval-ex-52,"5,7",,8,,1
Ting-Lu ex,127/193,Evoluções em Paldea,Português (PT-BR),NM,2023,ex,https://www.ligapokemon.com.br/?view=cards/card&card=Ting-Lu%20ex%20(127/193)&show=1&ed=SV2&num=127,https://mypcards.com/pokemon/produto/193062/ting-lu-ex,https://www.cardmarket.com/en/Pokemon/Products/Singles/Paldea-Evolved/Ting-Lu-ex-PAL127,https://www.tcgplayer.com/product/497543?page=1&Language=English,https://www.pricecharting.com/game/pokemon-paldea-evolved/ting-lu-ex-127,"2,8",,4,,1
Armarouge ex,027/182,Fenda Paradoxal,Português (PT-BR),NM,2023,ex,https://www.ligapokemon.com.br/?view=cards/card&card=Armarouge%20ex%20(027%2F182)&ed=PAR&num=027&srsltid=AfmBOop22Q0khDMNr3SAmMegdjFmKmhNOz0yK07GWoCo_0bGwjCWudMv,https://mypcards.com/pokemon/produto/210568/armarouge-ex,https://www.cardmarket.com/en/Pokemon/Products/Singles/Paradox-Rift/Armarouge-ex-PAR027,https://www.tcgplayer.com/product/523636?page=1&Language=English,https://www.pricecharting.com/game/pokemon-paradox-rift/armarouge-ex-holo-27,"5,4",,"7,7",,1
Dhelmise V,009/072,Destinos Brilhantes,Inglês,NM,2021,V,https://www.ligapokemon.com.br/?view=cards/card&card=Dhelmise%20V%20(009/072)&show=1&ed=SHF&num=009,https://mypcards.com/pokemon/produto/129524/dhelmise-v,https://www.cardmarket.com/en/Pokemon/Products/Singles/Shining-Fates/Dhelmise-V-SHF009,https://www.tcgplayer.com/product/232376?page=1&Language=English,https://www.pricecharting.com/game/pokemon-shining-fates/dhelmise-v-9,"3,6",,5,,2
Greninja ex,041/142,Coroa Estelar,Português (PT-BR),NM,2024,ex,https://www.ligapokemon.com.br/?view=cards/card&card=Greninja%20ex%20(041/142)&ed=SCR&num=041&srsltid=AfmBOopzRMmGL4cYp86zJ4mgICGxHfqsYE81duiRTCEZf6WmoNIDHyo0,https://mypcards.com/pokemon/produto/247532/greninja-ex,https://www.cardmarket.com/en/Pokemon/Products/Singles/Stellar-Crown/Greninja-ex-V1-SCR041,https://www.tcgplayer.com/product/567267?page=1&Language=English,https://www.pricecharting.com/game/pokemon-stellar-crown/greninja-ex-41,"6,3",,"8,9",,1
Garganacl ex,089/142,Coroa Estelar,Português (PT-BR),NM,2024,ex,https://www.ligapokemon.com.br/?view=cards/card&card=Garganacl%20ex%20(089/142)&show=1&ed=SV7&num=089,https://mypcards.com/pokemon/produto/247580/garganacl-ex,https://www.cardmarket.com/en/Pokemon/Products/Singles/Stellar-Crown/Garganacl-ex-SCR089,https://www.tcgplayer.com/product/567315?page=1&Language=English,https://www.pricecharting.com/game/pokemon-stellar-crown/garganacl-ex-89,"2,4",,"3,4",,1
Blaziken ex,024/159,Amigos da Jornada,Português (PT-BR),NM,2025,ex,https://www.ligapokemon.com.br/?view=cards/card&card=Blaziken%20ex%20(024/159)&show=1&ed=SV9&num=024,https://mypcards.com/pokemon/produto/267751/blaziken-ex,https://www.cardmarket.com/en/Pokemon/Products/Singles/Journey-Together/Blaziken-ex-JTG024,https://www.tcgplayer.com/product/623451?page=1&Language=English,https://www.pricecharting.com/game/pokemon-journey-together/blaziken-ex-24,"18,4",,"25,5",,1
Veluza ex,043/159,Amigos da Jornada,Português (PT-BR),NM,2025,ex,https://www.ligapokemon.com.br/?view=cards/card&card=Veluza%20ex%20(043/159)&show=1&ed=SV9&num=043,https://mypcards.com/pokemon/produto/267770/veluza-ex,https://www.cardmarket.com/en/Pokemon/Products/Singles/Journey-Together/Veluza-ex-JTG043,https://www.tcgplayer.com/product/623470?page=1&Language=English,https://www.pricecharting.com/game/pokemon-journey-together/veluza-ex-43,"1,7",,3,,1
Oricorio ex,018/094,Fogo Fantasmagórico,Português (PT-BR),NM,2025,ex,https://www.ligapokemon.com.br/?view=cards/card&card=Oricorio%20ex%20(018/094)&show=1&ed=PFL&num=018,https://mypcards.com/pokemon/produto/300624/oricorio-ex,https://www.cardmarket.com/en/Pokemon/Products/Singles/Phantasmal-Flames/Oricorio-ex-V1-PFL018,https://www.tcgplayer.com/product/662206?page=1&Language=English,https://www.pricecharting.com/game/pokemon-phantasmal-flames/oricorio-ex-18,"1,8",,"2,75",,3
Ho-Oh ex do Ethan,026/217,Heróis Excelsos,Português (PT-BR),NM,2026,ex,https://www.ligapokemon.com.br/?view=cards/card&card=Ethan%27s%20Ho-Oh%20ex%20(026/217)&show=1&ed=ASC&num=026,https://mypcards.com/pokemon/produto/310263/ho-oh-ex-do-ethan,https://www.cardmarket.com/en/Pokemon/Products/Singles/Ascended-Heroes/Ethans-Ho-Oh-ex-ASC026,https://www.tcgplayer.com/product/675838?page=1&Language=English,https://www.pricecharting.com/game/pokemon-ascended-heroes/ethan%27s-ho-oh-ex-26,"2,8",,5,,1
Regidrago V,SWSH281,Espada e Escudo — Promos,Português (PT-BR),NM,2023,V,https://www.ligapokemon.com.br/?view=cards/card&card=Regidrago%20V%20(SWSH281)&show=1&ed=SWSHP&num=SWSH281,https://mypcards.com/pokemon/produto/180976/regidrago-v,https://www.cardmarket.com/en/Pokemon/Products/Singles/SWSH-Black-Star-Promos/Regidrago-V-SWSH281,https://www.tcgplayer.com/product/453485?page=1&Language=English,https://www.pricecharting.com/game/pokemon-promo/regidrago-v-swsh281,"3,8",,"5,4",,2
Gardevoir ex,086/198,Escarlate e Violeta,Português (PT-BR),NM,2023,ex,https://www.ligapokemon.com.br/?view=cards/card&card=Gardevoir%20ex%20(086/198)&show=1&ed=SV1&num=086,https://mypcards.com/pokemon/produto/184890/gardevoir-ex,https://www.cardmarket.com/en/Pokemon/Products/Singles/Scarlet-Violet/Gardevoir-ex-SVI086,https://www.tcgplayer.com/product/487951?page=1&Language=English,https://www.pricecharting.com/game/pokemon-scarlet-%26-violet/gardevoir-ex-86,"3,9",,"4,5",,1
Espeon GX,061/149,Sol e Lua,Português (PT-BR),SP,2017,GX,https://www.ligapokemon.com.br/?view=cards/card&card=Espeon-GX%20(61/149)&ed=SUM&num=61&srsltid=AfmBOooYcxdOuLnnw985kNwzwG96mSD9wakNvD8zalljBpt0ZqhaaFcg,https://mypcards.com/pokemon/produto/40036/espeon-gx,https://www.cardmarket.com/en/Pokemon/Products/Singles/Sun-Moon/Espeon-GX-SUM061,https://www.tcgplayer.com/product/126932?page=1&Language=English,https://www.pricecharting.com/game/pokemon-sun-%26-moon/espeon-gx-61,"13,9",,"18,9",,1
Lunala GX,066/149,Sol e Lua,Português (PT-BR),NM,2017,GX,https://www.ligapokemon.com.br/?view=cards/card&card=Lunala%20GX%20(066/149)&show=1&ed=SUM&num=066,https://mypcards.com/pokemon/produto/40041/lunala-gx,https://www.cardmarket.com/en/Pokemon/Products/Singles/Sun-Moon/Lunala-GX-SUM066,https://www.tcgplayer.com/product/126937?page=1&Language=English,https://www.pricecharting.com/game/pokemon-sun-%26-moon/lunala-gx-66,"14,9",,21,,1
Lunala GX,SM17,Sol e Lua — Promos,Português (PT-BR),NM,2017,GX,https://www.ligapokemon.com.br/?view=cards/card&card=Lunala%20GX%20(SM17)&show=1&ed=SMP&num=SM17,https://mypcards.com/pokemon/produto/40333/lunala-gx,https://www.cardmarket.com/en/Pokemon/Products/Singles/SM-Black-Star-Promos/Lunala-GX-SM017,https://www.tcgplayer.com/product/129312?page=1&Language=English,https://www.pricecharting.com/game/pokemon-promo/lunala-gx-sm17,16,,25,,1
Vikavolt GX,045/145,Guardiões Ascendentes,Português (PT-BR),NM,2017,GX,https://www.ligapokemon.com.br/?view=cards/card&card=Vikavolt%20GX%20(045/145)&show=1&ed=GRI&num=045,https://mypcards.com/pokemon/produto/40192/vikavolt-gx,https://www.cardmarket.com/en/Pokemon/Products/Singles/Guardians-Rising/Vikavolt-GX-GRI045,https://www.tcgplayer.com/product/130947?page=1&Language=English,https://www.pricecharting.com/game/pokemon-guardians-rising/vikavolt-gx-45,"5,6",,"7,9",,1
Tapu Lele GX,060/145,Celebrações,Português (PT-BR),NM,2021,GX — Coleção Clássica,https://www.ligapokemon.com.br/?view=cards/card&card=Tapu%20Lele-GX%20(25/25)&show=1&ed=CCC&num=25,https://mypcards.com/pokemon/produto/144271/tapu-lele,https://www.cardmarket.com/en/Pokemon/Products/Singles/Celebrations/Tapu-Lele-GX,https://www.tcgplayer.com/product/250342?page=1&Language=English,https://www.pricecharting.com/game/pokemon-celebrations/tapu-lele-gx-60,"24,9",,"35,9",,1
Darkrai GX,088/147,Sombras Ardentes,Português (PT-BR),NM,2017,GX,https://www.ligapokemon.com.br/?view=cards/card&card=Darkrai%20GX%20(088/147)&show=1&ed=BUS&num=088,https://mypcards.com/pokemon/produto/64285/darkrai-gx,https://www.cardmarket.com/en/Pokemon/Products/Singles/Burning-Shadows/Darkrai-GX-BUS088,https://www.tcgplayer.com/product/138578?page=1&Language=English,https://www.pricecharting.com/game/pokemon-burning-shadows/darkrai-gx-88,"29,9",,40,,1
Mewtwo GX,39/73,Lendas Luminescentes,Português (PT-BR),NM,2017,GX,https://www.ligapokemon.com.br/?view=cards/card&card=Mewtwo%20GX%20(39/73)&show=1&ed=SLG&num=39,https://mypcards.com/pokemon/produto/74029/mewtwo-gx,https://www.cardmarket.com/en/Pokemon/Products/Singles/Shining-Legends/Mewtwo-GX-V1-SLG39,https://www.tcgplayer.com/product/146695?page=1&Language=English,https://www.pricecharting.com/game/pokemon-shining-legends/mewtwo-gx-39,"37,1",,58,,1
Nihilego GX,49/111,Invasão Carmim,Português (PT-BR),NM,2017,GX,https://www.ligapokemon.com.br/?view=cards/card&card=Nihilego%20GX%20(49/111)&show=1&ed=CIN&num=49,https://mypcards.com/pokemon/produto/74296/nihilego-gx,https://www.cardmarket.com/en/Pokemon/Products/Singles/Crimson-Invasion/Nihilego-GX-V1-CIN49,https://www.tcgplayer.com/product/149072?page=1&Language=English,https://www.pricecharting.com/game/pokemon-crimson-invasion/nihilego-gx-49,"56,8",,80,,1
Zacian V,016/025,Celebrações,Inglês,NM,2021,V,https://www.ligapokemon.com.br/?view=cards/card&card=Zacian%20V%20(016/025)&show=1&ed=CEL&num=16,https://mypcards.com/pokemon/produto/144196/zacian-v,https://www.cardmarket.com/en/Pokemon/Products/Singles/Celebrations/Zacian-V,https://www.tcgplayer.com/product/250313?page=1&Language=English,https://www.pricecharting.com/game/pokemon-celebrations/zacian-v-16,"4,9",,"6,9",,1
Crobat V,SWSH110,Espada e Escudo — Promos,Inglês,NM,2021,V — Full Art,https://www.ligapokemon.com.br/?view=cards/card&card=Crobat-V%20(SWSH110/71)&show=1&num=SWSH110,https://mypcards.com/pokemon/produto/139241/crobat-v,https://www.cardmarket.com/en/Pokemon/Products/Singles/SWSH-Black-Star-Promos/Crobat-V,https://www.tcgplayer.com/product/245875?page=1&Language=English,https://www.pricecharting.com/game/pokemon-promo/crobat-v-swsh110,"9,7",,15,,2
Slowbro de Galar V,099/189,Escuridão Incandescente,Inglês,NM,2020,V,https://www.ligapokemon.com.br/?view=cards/card&card=Galarian%20Slowbro%20V%20(099/189)&show=1&ed=DAA&num=99,https://mypcards.com/pokemon/produto/109913/slowbro-de-galar-v,https://www.cardmarket.com/en/Pokemon/Products/Singles/Darkness-Ablaze/Galarian-Slowbro-V-DAA99,https://www.tcgplayer.com/product/219399?page=1&Language=English,https://www.pricecharting.com/game/pokemon-darkness-ablaze/galarian-slowbro-v-99,"5,5",,"9,9",,1
Mew V,060/159,Realeza Absoluta,Português (PT-BR),NM,2023,V,https://www.ligapokemon.com.br/?view=cards/card&card=Mew%20V%20(060/159)&show=1&ed=CRZ&num=60,https://mypcards.com/pokemon/produto/180801/mew-v,https://www.cardmarket.com/en/Pokemon/Products/Singles/Crown-Zenith/Mew-V-CRZ060,https://www.tcgplayer.com/product/478175?page=1&Language=English,https://www.pricecharting.com/game/pokemon-crown-zenith/mew-v-60,168,,299,,1
Zeraora V,SWSH263,Espada e Escudo — Promos,Português (PT-BR),NM,2022,V,https://www.ligapokemon.com.br/?view=cards/card&card=Zeraora-V%20(SWSH263/71)&srsltid=AfmBOoo1Gm9m5tqGCg0JT2JJo8BXsU5ANqpAFO17SMDT54y04D9iwBMy,https://mypcards.com/pokemon/produto/175702/zeraora-v,https://www.cardmarket.com/en/Pokemon/Products/Singles/SWSH-Black-Star-Promos/Zeraora-V-SWSH263,https://www.tcgplayer.com/product/449518?page=1&Language=English,https://www.pricecharting.com/game/pokemon-promo/zeraora-v-swsh263,5,,7,,1
Moltres de Galar V,097/198,Reinado Arrepiante,Inglês,NM,2021,V,https://www.ligapokemon.com.br/?view=cards/card&card=Galarian%20Moltres%20V%20(097/198)&show=1&ed=CRE&num=97,https://mypcards.com/pokemon/produto/135600/moltres-de-galar-v,https://www.cardmarket.com/en/Pokemon/Products/Singles/Chilling-Reign/Galarian-Moltres-V-V1-CHR097,https://www.tcgplayer.com/product/241766?page=1&Language=English,https://www.pricecharting.com/game/pokemon-chilling-reign/galarian-moltres-v-97,"11,4",,"17,9",,1
Gengar V,156/264,Golpe Fusão,Inglês,NM,2021,V,https://www.ligapokemon.com.br/?view=cards/card&card=Gengar%20V%20(156/264)&show=1&ed=FST&num=156,https://mypcards.com/pokemon/produto/146388/gengar-v,https://www.cardmarket.com/en/Pokemon/Products/Singles/Fusion-Strike/Gengar-V-FST156,https://www.tcgplayer.com/product/253370?page=1&Language=English,https://www.pricecharting.com/game/pokemon-fusion-strike/gengar-v-156,"63,1",,110,,1
Raikou V,048/172,Astros Cintilantes,Português (PT-BR),NM,2022,V,https://www.ligapokemon.com.br/?view=cards/card&card=Raikou-V%20(48/172)&show=1&ed=BRS&num=48,https://mypcards.com/pokemon/produto/154876/raikou-v,https://www.cardmarket.com/en/Pokemon/Products/Singles/Brilliant-Stars/Raikou-V-BRS048,https://www.tcgplayer.com/product/263754?page=1&Language=English,https://www.pricecharting.com/game/pokemon-brilliant-stars/raikou-v-48,"7,1",,10,,1
Whimsicott V,064/172,Astros Cintilantes,Português (PT-BR),NM,2022,V,https://www.ligapokemon.com.br/?view=cards/card&card=Whimsicott-V%20(64/172)&show=1,https://mypcards.com/pokemon/produto/154892/whimsicott-v,https://www.cardmarket.com/en/Pokemon/Products/Singles/Brilliant-Stars/Whimsicott-V-BRS064,https://www.tcgplayer.com/product/263780?page=1&Language=English,https://www.pricecharting.com/game/pokemon-brilliant-stars/whimsicott-v-64,"4,2",,"6,9",,1
Typhlosion de Hisui V,053/189,Estrelas Radiantes,Português (PT-BR),NM,2022,V,https://www.ligapokemon.com.br/?view=cards/card&card=Hisuian%20Typhlosion%20V%20(053/189)&show=1&ed=ASR&num=53,https://mypcards.com/pokemon/produto/160514/typhlosion-de-hisui-v,https://www.cardmarket.com/en/Pokemon/Products/Singles/Astral-Radiance/Hisuian-Typhlosion-V-ASR053,https://www.tcgplayer.com/product/272254?page=1&Language=English,https://www.pricecharting.com/game/pokemon-astral-radiance/hisuian-typhlosion-v-53,"9,9",,14,,1
Magnezone V,056/196,Origem Perdida,Português (PT-BR),NM,2022,V,https://www.ligapokemon.com.br/?view=cards/card&card=Magnezone%20V%20(056/196)&show=1&ed=LOR&num=56,https://mypcards.com/pokemon/produto/167862/magnezone-v,https://www.cardmarket.com/en/Pokemon/Products/Singles/Lost-Origin/Magnezone-V-LOR056,https://www.tcgplayer.com/product/283930?page=1&Language=English,https://www.pricecharting.com/game/pokemon-lost-origin/magnezone-v-56,"3,4",,5,,1
Deoxys V,SWSH266,Espada e Escudo — Promos,Português (PT-BR),NM,2022,V,https://www.ligapokemon.com.br/?view=cards/card&card=Deoxys-V(SWSH266/71)&srsltid=AfmBOoq8D6tvnAaSzw-62LYv1GK2i6YVbf4Fba7VrYS0x-NcigSsblk5,https://mypcards.com/pokemon/produto/175705/deoxys-v,https://www.cardmarket.com/en/Pokemon/Products/Singles/SWSH-Black-Star-Promos/Deoxys-V-SWSH266,https://www.tcgplayer.com/product/449521?page=1&Language=English,https://www.pricecharting.com/game/pokemon-promo/deoxys-v-swsh266,"4,9",,"6,9",,1
Regieleki V,SWSH280,Espada e Escudo — Promos,Português (PT-BR),NM,2023,V,https://www.ligapokemon.com.br/?view=cards/card&card=Regieleki%20V%20(SWSH280)&show=1&ed=SWSHP&num=SWSH280,https://mypcards.com/pokemon/produto/180975/regieleki-v,https://www.cardmarket.com/en/Pokemon/Products/Singles/SWSH-Black-Star-Promos/Regieleki-V-SWSH280,https://www.tcgplayer.com/product/479879?page=1&Language=English,https://www.pricecharting.com/game/pokemon-promo/regieleki-v-swsh280,"4,3",,"4,5",,2
Regieleki V,057/195,Tempestade Prateada,Português (PT-BR),NM,2022,V,https://www.ligapokemon.com.br/?view=cards/card&card=Regieleki-V%20(SWSH280/71)&show=10,https://mypcards.com/pokemon/produto/174814/regieleki-v,https://www.cardmarket.com/en/Pokemon/Products/Singles/Silver-Tempest/Regieleki-V-SIT057,https://www.tcgplayer.com/product/451713?page=1&Language=English,https://www.pricecharting.com/game/pokemon-silver-tempest/regieleki-v-57,"4,3",,"4,5",,1
Magnezone ex,065/198,Escarlate e Violeta,Português (PT-BR),NM,2023,ex,https://www.ligapokemon.com.br/?view=cards/card&card=Magnezone%20ex%20(065/198)&show=1&ed=SV1&num=65,https://mypcards.com/pokemon/produto/184869/magnezone-ex,https://www.cardmarket.com/en/Pokemon/Products/Singles/Scarlet-Violet/Magnezone-ex-SVI065,https://www.tcgplayer.com/product/486612?page=1&Language=English,https://www.pricecharting.com/game/pokemon-scarlet-&-violet/magnezone-ex-65,"3,9",,"5,5",,1
Crobat V,044/072,Destinos Brilhantes,Inglês,NM,2021,V,https://www.ligapokemon.com.br/?view=cards/card&card=Crobat%20V%20(044/072)&show=1&ed=SHF&num=44,https://mypcards.com/pokemon/produto/129559/crobat-v,https://www.cardmarket.com/en/Pokemon/Products/Singles/Shining-Fates/Crobat-V-SHF44,https://www.tcgplayer.com/product/232512?page=1&Language=English,https://www.pricecharting.com/game/pokemon-shining-fates/crobat-v-44,"3,9",,"9,9",,1
Espinhos Férreos ex,077/167,Máscaras do Crepúsculo,Português (PT-BR),NM,2024,ex,https://www.ligapokemon.com.br/?view=cards/card&card=Iron%20Thorns%20ex%20(077/167)&show=1&ed=TWM&num=77,https://mypcards.com/pokemon/produto/236500/espinhos-ferreos-ex,https://www.cardmarket.com/en/Pokemon/Products/Singles/Twilight-Masquerade/Iron-Thorns-ex-TWM077,https://www.tcgplayer.com/product/550121?page=1&Language=English,https://www.pricecharting.com/game/pokemon-twilight-masquerade/iron-thorns-ex-77,"3,6",,5,,1
Mimikyu ex,4,Escarlate e Violeta — Promos,Inglês,NM,2023,ex — Promo,https://www.ligapokemon.com.br/?view=cards/card&card=Mimikyu%20ex%20(SV004)&show=1&ed=SVP&num=SV004,https://mypcards.com/pokemon/produto/187920/mimikyu-ex,https://www.cardmarket.com/en/Pokemon/Products/Singles/Scarlet-Violet-Promos/Mimikyu-ex-SVP004,https://www.tcgplayer.com/product/487435?page=1&Language=English,https://www.pricecharting.com/game/pokemon-promo/mimikyu-ex-4,"63,8",,80,,1
Mimikyu ex,069/159,Amigos da Jornada,Português (PT-BR),NM,2025,ex,https://www.ligapokemon.com.br/?view=cards/card&card=Mimikyu%20ex%20(069/159)&show=1&ed=JTG&num=69,https://mypcards.com/pokemon/produto/267796/mimikyu-ex,https://www.cardmarket.com/en/Pokemon/Products/Singles/Journey-Together/Mimikyu-ex-JTG069,https://www.tcgplayer.com/product/623496?page=1&Language=English,https://www.pricecharting.com/game/pokemon-journey-together/mimikyu-ex-69,"4,9",,7,,1
Mismagius ex,036/094,Fogo Fantasmagórico,Português (PT-BR),NM,2025,ex,https://www.ligapokemon.com.br/?view=cards/card&card=Mismagius%20ex%20(036/094)&show=1&ed=PFL&num=36,https://mypcards.com/pokemon/produto/300642/mismagius-ex,https://www.cardmarket.com/en/Pokemon/Products/Singles/Phantasmal-Flames/Mismagius-ex-PFL036,https://www.tcgplayer.com/product/662199?page=1&Language=English,https://www.pricecharting.com/game/pokemon-phantasmal-flames/mismagius-ex-36,"2,2",,"2,9",,1
Clefairy ex da Lílian,076/217,Heróis Excelsos,Português (PT-BR),NM,2026,ex de Treinador,https://www.ligapokemon.com.br/?view=cards/card&card=Lillie%27s%20Clefairy%20ex%20(076/217)&show=1&ed=ASC&num=76,https://mypcards.com/pokemon/produto/310313/clefairy-ex-da-lilian,https://www.cardmarket.com/en/Pokemon/Products/Singles/Ascended-Heroes/Lillies-Clefairy-ex-ASC076,https://www.tcgplayer.com/product/675888?page=1&Language=English,https://www.pricecharting.com/game/pokemon-ascended-heroes/lillie%27s-clefairy-ex-76,"10,1",,18,,1
Greninja EX,XY20,XY — Promos,Português (PT-BR),D,2014,EX,https://www.ligapokemon.com.br/?view=cards/card&card=Greninja-EX%20(XY20)&show=1&ed=PR-XY&num=XY20,https://mypcards.com/pokemon/produto/41713/greninja-ex,https://www.cardmarket.com/en/Pokemon/Products/Singles/XY-Black-Star-Promos/Greninja-EX-XY20,https://www.tcgplayer.com/product/96382?page=1&Language=English,https://www.pricecharting.com/game/pokemon-promo/greninja-ex-xy20,4,,"9,9",,1
Sceptile EX,XY53,XY — Promos,Português (PT-BR),D,2015,EX,https://www.ligapokemon.com.br/?view=cards/card&card=Sceptile-EX%20(XY53)&show=1&ed=PR-XY&num=XY53,https://mypcards.com/pokemon/produto/41746/sceptile-ex,https://www.cardmarket.com/en/Pokemon/Products/Singles/XY-Black-Star-Promos/Sceptile-EX-XY53,https://www.tcgplayer.com/product/100509?page=1&Language=English,https://www.pricecharting.com/game/pokemon-promo/sceptile-ex-xy53,"4,3",,"9,5",,1
Tyrantrum EX,XY70,XY — Promos,Inglês,MP,2015,EX,https://www.ligapokemon.com.br/?view=cards/card&card=Tyrantrum%20EX%20(XY70)&show=1&ed=XYP&num=XY70,https://mypcards.com/pokemon/produto/41763/tyrantrum-ex,https://www.cardmarket.com/en/Pokemon/Products/Singles/XY-Black-Star-Promos/Tyrantrum-EX-XYPRXY70,https://www.tcgplayer.com/product/173081?page=1&Language=English,https://www.pricecharting.com/game/pokemon-promo/tyrantrum-ex-xy70,24,,99,,1
Rayquaza EX,85/124,Dragões Exaltados,Inglês,HP,2012,EX,https://www.ligapokemon.com.br/?view=cards/card&card=Rayquaza%20EX%20(85/124)&show=1&ed=DRX&num=85,https://mypcards.com/pokemon/produto/34741/rayquaza-ex,https://www.cardmarket.com/en/Pokemon/Products/Singles/Dragons-Exalted/Rayquaza-EX-DRX85,https://www.tcgplayer.com/product/88645?page=1&Language=English,https://www.pricecharting.com/game/pokemon-dragons-exalted/rayquaza-ex-85,"22,5",,40,,1
Rayquaza EX,85/124,Dragões Exaltados,Português (PT-BR),SP,2012,EX,https://www.ligapokemon.com.br/?view=cards/card&card=Rayquaza%20EX%20(85/124)&show=1&ed=DRX&num=85,https://mypcards.com/pokemon/produto/34741/rayquaza-ex,https://www.cardmarket.com/en/Pokemon/Products/Singles/Dragons-Exalted/Rayquaza-EX-DRX85,https://www.tcgplayer.com/product/88645?page=1&Language=English,https://www.pricecharting.com/game/pokemon-dragons-exalted/rayquaza-ex-85,"52,5",,"89,9",,1
Giratina EX,57/98,Origens Ancestrais,Português (PT-BR),HP,2015,EX,https://www.ligapokemon.com.br/?view=cards/card&card=Giratina%20EX%20(57/98)&show=1&ed=AOR&num=57,https://mypcards.com/pokemon/produto/32696/giratina-ex,https://www.cardmarket.com/en/Pokemon/Products/Singles/Ancient-Origins/Giratina-EX-V1-AOR57,https://www.tcgplayer.com/product/101479?page=1&Language=English,https://www.pricecharting.com/game/pokemon-ancient-origins/giratina-ex-57,12,,34,,1
Emboar EX,14/122,Turbo Colisão,Português (PT-BR),HP,2016,EX,https://www.ligapokemon.com.br/?view=cards/card&card=Emboar%20EX%20(14/122)&show=1&ed=BKP&num=14,https://mypcards.com/pokemon/produto/33306/emboar-ex,https://www.cardmarket.com/en/Pokemon/Products/Singles/BREAKpoint/Emboar-EX-BKP14,https://www.tcgplayer.com/product/111517?page=1&Language=English,https://www.pricecharting.com/game/pokemon-breakpoint/emboar-ex-14,"3,8",,"10,9",,1
Manaphy EX,32/122,Turbo Colisão,Português (PT-BR),SP,2016,EX,https://www.ligapokemon.com.br/?view=cards/card&card=Manaphy%20EX%20(32/122)&show=1&ed=BKP&num=32,https://mypcards.com/pokemon/produto/33324/manaphy-ex,https://www.cardmarket.com/en/Pokemon/Products/Singles/BREAKpoint/Manaphy-EX-BKP32,https://www.tcgplayer.com/product/111538?page=1&Language=English,https://www.pricecharting.com/game/pokemon-breakpoint/manaphy-ex-32,"5,1",,15,,1
Aerodactyl EX,XY97,XY — Promos,Inglês,MP,2016,EX,https://www.ligapokemon.com.br/?view=cards/card&card=Aerodactyl%20EX%20(XY97)&show=1&ed=XYP&num=XY97,https://mypcards.com/pokemon/produto/41790/aerodactyl-ex,https://www.cardmarket.com/en/Pokemon/Products/Singles/XY-Black-Star-Promos/Aerodactyl-EX-XYPRXY97,https://www.tcgplayer.com/product/114007?page=1&Language=English,https://www.pricecharting.com/game/pokemon-promo/aerodactyl-ex-xy97,"10,5",,32,,1
Ash-Greninja EX,XY133,XY — Promos,Português (PT-BR),MP,2016,EX,https://www.ligapokemon.com.br/?view=cards/card&card=Ash-Greninja%20EX%20(XY133)&show=1&ed=XYP&num=XY133,https://mypcards.com/pokemon/produto/41826/ash-greninja-ex,https://www.cardmarket.com/en/Pokemon/Products/Singles/XY-Black-Star-Promos/Ash-Greninja-EX-XYPRXY133,https://www.tcgplayer.com/product/118871?page=1&Language=English,https://www.pricecharting.com/game/pokemon-promo/ash-greninja-ex-xy133,"47,3",,56,,1
Alakazam EX,25/124,Fusão de Destinos,Português (PT-BR),MP,2016,EX,https://www.ligapokemon.com.br/?view=cards/card&card=Alakazam%20EX%20(25/124)&show=1&ed=FCO&num=25,https://mypcards.com/pokemon/produto/35514/alakazam-ex,https://www.cardmarket.com/en/Pokemon/Products/Singles/Fates-Collide/Alakazam-EX-V1-FCO25,https://www.tcgplayer.com/product/117512?page=1&Language=English,https://www.pricecharting.com/game/pokemon-fates-collide/alakazam-ex-25,"7,2",,23,,1
Altaria EX,83/124,Fusão de Destinos,Português (PT-BR),NM,2016,EX,https://www.ligapokemon.com.br/?view=cards/card&card=Altaria%20EX%20(83/124)&show=1&ed=FCO&num=83,https://mypcards.com/pokemon/produto/35573/altaria-ex,https://www.cardmarket.com/en/Pokemon/Products/Singles/Fates-Collide/Altaria-EX-FCO83,https://www.tcgplayer.com/product/117858?page=1&Language=English,https://www.pricecharting.com/game/pokemon-fates-collide/altaria-ex-83,4,,20,,1
Snorlax GX,SM05,Sol e Lua — Promos,Inglês,MP,2016,GX,https://www.ligapokemon.com.br/?view=cards/card&card=Snorlax%20GX%20(SM05)&show=1&ed=SMP&num=SM05,https://mypcards.com/pokemon/produto/40321/snorlax-gx,https://www.cardmarket.com/en/Pokemon/Products/Singles/SM-Black-Star-Promos/Snorlax-GX-SM05,https://www.tcgplayer.com/product/126027?page=1&Language=English,https://www.pricecharting.com/game/pokemon-promo/snorlax-gx-sm05,25,,27,,1
Gumshoos GX,110/149,Sol e Lua,Português (PT-BR),SP,2017,GX,https://www.ligapokemon.com.br/?view=cards/card&card=Gumshoos%20GX%20(110/149)&show=1&ed=SUM&num=110,https://mypcards.com/pokemon/produto/40085/gumshoos-gx,https://www.cardmarket.com/en/Pokemon/Products/Singles/Sun-Moon/Gumshoos-GX-V1-SUM110,https://www.tcgplayer.com/product/126982?page=1&Language=English,https://www.pricecharting.com/game/pokemon-sun-%26-moon/gumshoos-gx-110,"2,8",,"5,5",,1
Solgaleo GX,SM16,Sol e Lua — Promos,Português (PT-BR),NM,2016,GX,https://www.ligapokemon.com.br/?view=cards/card&card=Solgaleo%20GX%20(SM16)&show=1&ed=SMP&num=SM16,https://mypcards.com/pokemon/produto/40332/solgaleo-gx,https://www.cardmarket.com/en/Pokemon/Products/Singles/SM-Black-Star-Promos/Solgaleo-GX-SM16,https://www.tcgplayer.com/product/129311?page=1&Language=English,https://www.pricecharting.com/game/pokemon-promo/solgaleo-gx-sm16,5,,30,,1
Drampa GX,115/145,Guardiões Ascendentes,Português (PT-BR),SP,2017,GX,https://www.ligapokemon.com.br/?view=cards/card&card=Drampa%20GX%20(115/145)&show=1&ed=GRI&num=115,https://mypcards.com/pokemon/produto/40262/drampa-gx,https://www.cardmarket.com/en/Pokemon/Products/Singles/Guardians-Rising/Drampa-GX-V1-GRI115,https://www.tcgplayer.com/product/131033?page=1&Language=English,https://www.pricecharting.com/game/pokemon-guardians-rising/drampa-gx-115,"3,1",,"6,9",,1
Zamazenta V,139/202,Espada e Escudo,Português (PT-BR),NM,2020,V,https://www.ligapokemon.com.br/?view=cards/card&card=Zamazenta%20V%20(139/202)&show=1&ed=SSH&num=139,https://mypcards.com/pokemon/produto/101208/zamazenta-v,https://www.cardmarket.com/en/Pokemon/Products/Singles/Sword-Shield/Zamazenta-V-V1-SSH139,https://www.tcgplayer.com/product/206056?page=1&Language=English,https://www.pricecharting.com/game/pokemon-sword-%26-shield/zamazenta-v-139,2,,"9,4",,1
Corviknight V,109/163,Estilos de Batalha,Português (PT-BR),NM,2021,V,https://www.ligapokemon.com.br/?view=cards/card&card=Corviknight%20V%20(109/163)&show=1&ed=BST&num=109,https://mypcards.com/pokemon/produto/131267/corviknight-v,https://www.cardmarket.com/en/Pokemon/Products/Singles/Battle-Styles/Corviknight-V-V1-BST109,https://www.tcgplayer.com/product/234177?page=1&Language=English,https://www.pricecharting.com/game/pokemon-battle-styles/corviknight-v-109,"5,3",,"7,4",,1
Dialga Forma Origem V,113/189,Estrelas Radiantes,Português (PT-BR),NM,2022,V,https://www.ligapokemon.com.br/?view=cards/card&card=Origin%20Forme%20Dialga%20V%20(113/189)&show=1&ed=ASR&num=113,https://mypcards.com/pokemon/produto/160574/dialga-forma-origem-v,https://www.cardmarket.com/en/Pokemon/Products/Singles/Astral-Radiance/Origin-Forme-Dialga-V-V1-ASR113,https://www.tcgplayer.com/product/272338?page=1&Language=English,https://www.pricecharting.com/game/pokemon-astral-radiance/origin-forme-dialga-v-113,7,,10,,1
Zoroark de Hisui V,146/196,Origem Perdida,Português (PT-BR),NM,2022,V,https://www.ligapokemon.com.br/?view=cards/card&card=Hisuian%20Zoroark%20V%20(146/196)&show=1&ed=LOR&num=146,https://mypcards.com/pokemon/produto/167952/zoroark-de-hisui-v,https://www.cardmarket.com/en/Pokemon/Products/Singles/Lost-Origin/Hisuian-Zoroark-V-LOR146,https://www.tcgplayer.com/product/284074?page=1&Language=English,https://www.pricecharting.com/game/pokemon-lost-origin/hisuian-zoroark-v-146,5,,7,,1
Perrserker de Galar V,129/196,Origem Perdida,Português (PT-BR),NM,2022,V,https://www.ligapokemon.com.br/?view=cards/card&card=Galarian%20Perrserker%20V%20(129/196)&show=1&ed=LOR&num=129,https://mypcards.com/pokemon/produto/167935/perrserker-de-galar-v,https://www.cardmarket.com/en/Pokemon/Products/Singles/Lost-Origin/Galarian-Perrserker-V-V1-LOR129,https://www.tcgplayer.com/product/284047?page=1&Language=English,https://www.pricecharting.com/game/pokemon-lost-origin/galarian-perrserker-v-129,"3,5",,"4,9",,1
Magearna V,128/195,Tempestade Prateada,Português (PT-BR),NM,2022,V — Holo Rara,https://www.ligapokemon.com.br/?view=cards/card&card=Magearna-V%20(128/195)&ed=SIT&num=128,https://mypcards.com/pokemon/produto/174885/magearna-v,https://www.cardmarket.com/en/Pokemon/Products/Singles/Silver-Tempest/Magearna-V-V1-SIT128,https://www.tcgplayer.com/product/451781/pokemon-swsh12-silver-tempest-magearna-v?page=1&Language=English,https://www.pricecharting.com/game/pokemon-silver-tempest/magearna-v-128,"5,6",,"7,9",,1
Trilho Férreo ex,143/198,Escarlate e Violeta,Português (PT-BR),NM,2023,ex,https://www.ligapokemon.com.br/?view=cards/card&card=Iron%20Treads%20ex%20(143/198)&show=1&ed=SV1&num=143,https://mypcards.com/pokemon/produto/184947/trilho-ferreo-ex,https://www.cardmarket.com/en/Pokemon/Products/Singles/Scarlet-Violet/Iron-Treads-ex-V1-SVI143,https://www.tcgplayer.com/product/485106?page=1&Language=English,https://www.pricecharting.com/game/pokemon-scarlet-%26-violet/iron-treads-ex-143,"2,5",,"4,5",,1
Squawkabilly ex,169/193,Evoluções em Paldea,Português (PT-BR),NM,2023,ex,https://www.ligapokemon.com.br/?view=cards/card&card=Squawkabilly%20ex%20(169/193)&show=1&ed=SV2&num=169,https://mypcards.com/pokemon/produto/193104/squawkabilly-ex,https://www.cardmarket.com/en/Pokemon/Products/Singles/Paldea-Evolved/Squawkabilly-ex-V1-PAL169,https://www.tcgplayer.com/product/497590?page=1&Language=English,https://www.pricecharting.com/game/pokemon-paldea-evolved/squawkabilly-ex-169,"4,3",,"4,9",,1
Aegislash ex,135/182,Fenda Paradoxal,Português (PT-BR),NM,2023,ex,https://www.ligapokemon.com.br/?view=cards/card&card=Aegislash%20ex%20(135%2F182)&ed=PAR&num=135&srsltid=AfmBOorRST-oiEvDN7-QjiziD8NV2D8hjsq9YJhu3e-HisGlp4FaskRr,https://mypcards.com/pokemon/produto/210676/aegislash-ex,https://www.cardmarket.com/en/Pokemon/Products/Singles/Paradox-Rift/Aegislash-ex-V1-PAR135,https://www.tcgplayer.com/product/523814?page=1&Language=English,https://www.pricecharting.com/game/pokemon-paradox-rift/aegislash-ex-135,"4,5",,"6,3",,1
Tyranitar ex,064/131,Evoluções Prismáticas,Português (PT-BR),NM,2025,ex,https://www.ligapokemon.com.br/?view=cards/card&card=Tyranitar%20ex%20(064/131)&show=1&ed=PRE&num=064,https://mypcards.com/pokemon/produto/260370/tyranitar-ex,https://www.cardmarket.com/en/Pokemon/Products/Singles/Prismatic-Evolutions/Tyranitar-ex-PRE064,https://www.tcgplayer.com/product/610419?page=1&Language=English,https://www.pricecharting.com/game/pokemon-prismatic-evolutions/tyranitar-ex-64,"3,4",,"4,8",,1
Dudunsparce ex,121/159,Amigos da Jornada,Português (PT-BR),NM,2025,ex,https://www.ligapokemon.com.br/?view=cards/card&card=Dudunsparce%20ex%20(121/159)&show=1&ed=JTG&num=121,https://mypcards.com/pokemon/produto/267848/dudunsparce-ex,https://www.cardmarket.com/en/Pokemon/Products/Singles/Journey-Together/Dudunsparce-ex-V1-JTG121,https://www.tcgplayer.com/product/623548?page=1&Language=English,https://www.pricecharting.com/game/pokemon-journey-together/dudunsparce-ex-121,"5,6",,10,,2
Wailord EX,38/160,Conflito Primitivo,Português (PT-BR),D,2015,EX,https://www.ligapokemon.com.br/?view=cards/card&card=Wailord%20EX%20(38/160)&show=1&ed=PRC&num=38,https://mypcards.com/pokemon/produto/39104/wailord-ex,https://www.cardmarket.com/en/Pokemon/Products/Singles/Primal-Clash/Wailord-EX-PRC38,https://www.tcgplayer.com/product/95930?page=1&Language=English,https://www.pricecharting.com/game/pokemon-primal-clash/wailord-ex-38,"1,5",,"7,9",,1
Kyogre EX,54/160,Conflito Primitivo,Português (PT-BR),HP,2015,EX,https://www.ligapokemon.com.br/?view=cards/card&card=Kyogre%20EX%20(54/160)&show=1&ed=PRC&num=54,https://mypcards.com/pokemon/produto/39120/kyogre-ex,https://www.cardmarket.com/en/Pokemon/Products/Singles/Primal-Clash/Kyogre-EX-V1-PRC54,https://www.tcgplayer.com/product/95952?page=1&Language=English,https://www.pricecharting.com/game/pokemon-primal-clash/kyogre-ex-54,"6,8",,32,,1
Mewtwo EX,62/162,Turbo Revolução,Português (PT-BR),D,2015,EX,https://www.ligapokemon.com.br/?view=cards/card&card=Mewtwo%20EX%20(62/162)&show=1&ed=BKT&num=62,https://mypcards.com/pokemon/produto/33477/mewtwo-ex,https://www.cardmarket.com/en/Pokemon/Products/Singles/BREAKthrough/Mewtwo-EX-V1-BKT62,https://www.tcgplayer.com/product/107181?page=1&Language=English,https://www.pricecharting.com/game/pokemon-breakthrough/mewtwo-ex-62,"6,4",,17,,1
Mewtwo EX,XY107,XY — Promos,Português (PT-BR),SP,2016,EX — Promo,https://www.ligapokemon.com.br/?view=cards/card&card=Mewtwo%20EX%20(XY107)&show=1&ed=XYPR&num=XY107,https://mypcards.com/pokemon/produto/41800/mewtwo-ex,https://www.cardmarket.com/en/Pokemon/Products/Singles/XY-Black-Star-Promos/Mewtwo-EX-XYPRXY107,https://www.tcgplayer.com/product/117702?page=1&Language=English,https://www.pricecharting.com/game/pokemon-promo/mewtwo-ex-xy107,18,,"62,9",,1
Meowth ex,062/088,Equilíbrio Perfeito,Português (PT-BR),NM,2026,ex,https://www.ligapokemon.com.br/?view=cards/card&card=Meowth%20ex%20(062/088)&show=1&ed=POR&num=062,https://mypcards.com/pokemon/produto/316767/meowth-ex-062088,https://www.cardmarket.com/en/Pokemon/Products/Singles/Perfect-Order/Meowth-ex-V1-POR062,https://www.tcgplayer.com/product/684340?page=1&Language=English,https://www.pricecharting.com/game/pokemon-perfect-order/meowth-ex-62,"26,8",,35,,1
Krookodile ex,055/086,Caos Ascendente,Português (PT-BR),NM,2026,ex,https://www.ligapokemon.com.br/?view=cards/card&card=Krookodile%20ex%20(055/086)&show=1&ed=CRI&num=055,https://mypcards.com/pokemon/produto/325035/krookodile-ex,https://www.cardmarket.com/en/Pokemon/Products/Singles/Chaos-Rising/Krookodile-ex-CRI055,https://www.tcgplayer.com/product/693504?page=1&Language=English,https://www.pricecharting.com/game/pokemon-chaos-rising/krookodile-ex-55,"1,1",,"1,9",,1
Cobalion ex,064/086,Caos Ascendente,Português (PT-BR),NM,2026,ex,https://www.ligapokemon.com.br/?view=cards/card&card=Cobalion%20ex%20(064/086)&show=1&ed=CRI&num=064,https://mypcards.com/pokemon/produto/325044/cobalion-ex,https://www.cardmarket.com/en/Pokemon/Products/Singles/Chaos-Rising/Cobalion-ex-V1-CRI064,https://www.tcgplayer.com/product/693468?page=1&Language=English,https://www.pricecharting.com/game/pokemon-chaos-rising/cobalion-ex-64,"1,1",,"1,9",,2
Cinccino ex,073/086,Caos Ascendente,Português (PT-BR),NM,2026,ex,https://www.ligapokemon.com.br/?view=cards/card&card=Cinccino%20ex%20(073/086)&show=1&ed=CRI&num=073,https://mypcards.com/pokemon/produto/325053/cinccino-ex,https://www.cardmarket.com/en/Pokemon/Products/Singles/Chaos-Rising/Cinccino-ex-V1-CRI073,https://www.tcgplayer.com/product/693463?page=1&Language=English,https://www.pricecharting.com/game/pokemon-chaos-rising/cinccino-ex-73,"2,1",,"3,5",,3
Pikachu,35/108,Evoluções,Inglês,MP,2016,Comum,https://www.ligapokemon.com.br/?view=cards/card&card=Pikachu%20(35/108)&show=1&ed=EVO&num=35,https://mypcards.com/pokemon/produto/35246/pikachu,https://www.cardmarket.com/en/Pokemon/Products/Singles/Evolutions/Pikachu-EVO35,https://www.tcgplayer.com/product/124048?page=1&Language=English,https://www.pricecharting.com/game/pokemon-evolutions/pikachu-35,"12,5",,37,,1
Celebi Luminescente,SM79,Sol e Lua — Promos,Português (PT-BR),SP,2017,Luminescente,https://www.ligapokemon.com.br/?view=cards/card&card=Shining+Celebi%20(SM79/250)&show=1&ed=SMP&num=SM79,https://mypcards.com/pokemon/produto/77683/celebi-luminescente,https://www.cardmarket.com/en/Pokemon/Products/Singles/SM-Black-Star-Promos/Shining-Celebi-SM79,https://www.tcgplayer.com/product/148427?page=1&Language=English,https://www.pricecharting.com/game/pokemon-promo/shining-celebi-sm79,70,,149,,1
Manectric EX,23/119,Forças Fantasmagóricas,Português (PT-BR),HP,2014,EX,https://www.ligapokemon.com.br/?view=cards/card&card=Manectric%20EX%20(23/119)&show=1&ed=PHF&num=23,https://mypcards.com/pokemon/produto/38207/manectric-ex,https://www.cardmarket.com/en/Pokemon/Products/Singles/Phantom-Forces/Manectric-EX-PHF23,https://www.tcgplayer.com/product/94156?page=1&Language=English,https://www.pricecharting.com/game/pokemon-phantom-forces/manectric-ex-23,"1,8",,7,,1
Golurk,35/98,Origens Ancestrais,Português (PT-BR),HP,2015,Rara,https://www.ligapokemon.com.br/?view=cards/card&card=Golurk%20(35/98)&show=1&ed=AOR&num=35,https://mypcards.com/pokemon/produto/32674/golurk,https://www.cardmarket.com/en/Pokemon/Products/Singles/Ancient-Origins/Golurk-AOR35,https://www.tcgplayer.com/product/101458?page=1&Language=English,https://www.pricecharting.com/game/pokemon-ancient-origins/golurk-35,"0,5",,3,,1
Volcarona,18/98,Origens Ancestrais,Inglês,HP,2015,Rara,https://www.ligapokemon.com.br/?view=cards/card&card=Volcarona%20(18/98)&show=1&ed=AOR&num=18,https://mypcards.com/pokemon/produto/32657/volcarona,https://www.cardmarket.com/en/Pokemon/Products/Singles/Ancient-Origins/Volcarona-AOR18,https://www.tcgplayer.com/product/101439?page=1&Language=English,https://www.pricecharting.com/game/pokemon-ancient-origins/volcarona-18,1,,4,,1
Flareon EX,RC6/RC32,Gerações,Português (PT-BR),NM,2016,EX — Coleção Radiante,https://www.ligapokemon.com.br/?view=cards/card&card=Flareon%20EX%20(RC6/RC32)&show=1&ed=GENRC&num=RC6,https://mypcards.com/pokemon/produto/36249/flareon-ex,https://www.cardmarket.com/en/Pokemon/Products/Singles/Generations/Flareon-EX-GENRC6,https://www.tcgplayer.com/product/113747?page=1&Language=English,https://www.pricecharting.com/game/pokemon-generations/flareon-ex-rc6,"139,8",,140,,1
Gengar,35/83,Gerações,Português (PT-BR),HP,2016,Holo Rara,https://www.ligapokemon.com.br/?view=cards/card&card=Gengar%20(35/83)&show=1&ed=GEN&num=35,https://mypcards.com/pokemon/produto/36195/gengar,https://www.cardmarket.com/en/Pokemon/Products/Singles/Generations/Gengar-GEN35,https://www.tcgplayer.com/product/113693?page=1&Language=English,https://www.pricecharting.com/game/pokemon-generations/gengar-35,"7,5",,"19,9",,1
Muk e Muk de Alola-GX,61/214,Elos Inquebráveis,Português (PT-BR),NM,2019,GX — Aliados,https://www.ligapokemon.com.br/?view=cards/card&card=Muk%20%26%20Alolan%20Muk-GX%20(61/214)&show=1&ed=UNB&num=61,https://mypcards.com/pokemon/produto/89242/muk-e-muk-de-alola-gx,https://www.cardmarket.com/en/Pokemon/Products/Singles/Unbroken-Bonds/Muk-Alolan-Muk-GX-V1-UNB61,https://www.tcgplayer.com/product/188408?page=1&Language=English,https://www.pricecharting.com/game/pokemon-unbroken-bonds/muk-%26-alolan-muk-gx-61,71,,100,,1
Marshadow e Machamp-GX,82/214,Elos Inquebráveis,Português (PT-BR),NM,2019,GX — Aliados,https://www.ligapokemon.com.br/?view=cards/card&card=Marshadow%20%26%20Machamp-GX%20(82/214)&show=1&ed=UNB&num=82,https://mypcards.com/pokemon/produto/89263/marshadow-e-machamp-gx,https://www.cardmarket.com/en/Pokemon/Products/Singles/Unbroken-Bonds/Marshadow-Machamp-GX-V1-UNB82,https://www.tcgplayer.com/product/188407?page=1&Language=English,https://www.pricecharting.com/game/pokemon-unbroken-bonds/marshadow-%26-machamp-gx-82,"72,7",,120,,1
Greninja,SWSH144,Espada e Escudo — Promos,Inglês,MP,2021,Estrela Dourada — Promo,https://www.ligapokemon.com.br/?view=cards/card&card=Greninja%20Star%20(SWSH144/71)&ed=SSPR&num=SWSH144&srsltid=AfmBOooXlJbLSqr_aPzpWB4Ma8sLKUmSerHlY3E_4NcZDuiGVvuwJu-S,https://mypcards.com/pokemon/produto/144339/greninja-star,https://www.cardmarket.com/en/Pokemon/Products/Singles/SWSH-Black-Star-Promos/Greninja-Gold-Star-SWSH144,https://www.tcgplayer.com/product/248731?page=1&Language=English,https://www.pricecharting.com/game/pokemon-promo/greninja-swsh144,75,,160,,1
Greninja Radiante,046/189,Astros Cintilantes,Português (PT-BR),SP,2022,Radiante,https://www.ligapokemon.com.br/?view=cards/card&card=Radiant%20Greninja%20(046/189)&show=1&ed=ASR&num=046,https://mypcards.com/pokemon/produto/160507/greninja-radiante,https://www.cardmarket.com/en/Pokemon/Products/Singles/Astral-Radiance/Radiant-Greninja-ASR046,https://www.tcgplayer.com/product/272246?page=1&Language=English,https://www.pricecharting.com/game/pokemon-astral-radiance/radiant-greninja-46,"6,4",,"9,9",,1
Hawlucha Radiante,081/189,Astros Cintilantes,Português (PT-BR),NM,2022,Radiante,https://www.ligapokemon.com.br/?view=cards/card&card=Radiant%20Hawlucha%20(081/189)&show=1&ed=ASR&num=081,https://mypcards.com/pokemon/produto/160542/hawlucha-radiante,https://www.cardmarket.com/en/Pokemon/Products/Singles/Astral-Radiance/Radiant-Hawlucha-ASR081,https://www.tcgplayer.com/product/272282?page=1&Language=English,https://www.pricecharting.com/game/pokemon-astral-radiance/radiant-hawlucha-81,"6,3",,"8,2",,1
Sneasler de Hisui Radiante,123/196,Origem Perdida,Português (PT-BR),NM,2022,Radiante,https://www.ligapokemon.com.br/?view=cards/card&card=Radiant%20Hisuian%20Sneasler%20(123/196)&show=1&ed=LOR&num=123,https://mypcards.com/pokemon/produto/167929/sneasler-de-hisui-radiante,https://www.cardmarket.com/en/Pokemon/Products/Singles/Lost-Origin/Radiant-Hisuian-Sneasler-LOR123,https://www.tcgplayer.com/product/284031?page=1&Language=English,https://www.pricecharting.com/game/pokemon-lost-origin/radiant-hisuian-sneasler-123,"3,6",,5,,3
Tsareena Radiante,016/195,Tempestade Prateada,Português (PT-BR),NM,2022,Radiante,https://www.ligapokemon.com.br/?view=cards/card&card=Radiant%20Tsareena%20(016/195)&show=1&ed=SIT&num=016,https://mypcards.com/pokemon/produto/174773/tsareena-radiante,https://www.cardmarket.com/en/Pokemon/Products/Singles/Silver-Tempest/Radiant-Tsareena-SIT016,https://www.tcgplayer.com/product/451645?page=1&Language=English,https://www.pricecharting.com/game/pokemon-silver-tempest/radiant-tsareena-16,5,,"6,9",,1
Alakazam Radiante,059/195,Tempestade Prateada,Português (PT-BR),SP,2022,Radiante,https://www.ligapokemon.com.br/?view=cards/card&card=Radiant%20Alakazam%20(059/195)&show=1&ed=SIT&num=059,https://mypcards.com/pokemon/produto/174816/alakazam-radiante,https://www.cardmarket.com/en/Pokemon/Products/Singles/Silver-Tempest/Radiant-Alakazam-SIT059,https://www.tcgplayer.com/product/451394?page=1&Language=English,https://www.pricecharting.com/game/pokemon-silver-tempest/radiant-alakazam-59,7,,"18,9",,1
Pedra Selada Terrestre,154/195,Tempestade Prateada,Português (PT-BR),NM,2022,Ferramenta V-ASTRO,https://www.ligapokemon.com.br/?view=cards/card&card=Earthen%20Seal%20Stone%20(154/195)&show=1&ed=SIT&num=154,https://mypcards.com/pokemon/produto/174911/pedra-selada-terrestre,https://www.cardmarket.com/en/Pokemon/Products/Singles/Silver-Tempest/Earthen-Seal-Stone-SIT154,https://www.tcgplayer.com/product/451802?page=1&Language=English,https://www.pricecharting.com/game/pokemon-silver-tempest/earthen-seal-stone-154,"0,7",,1,,1
Mega Camerupt ex,022/132,Megaevolução,Português (PT-BR),NM,2025,Mega ex,https://www.ligapokemon.com.br/?view=cards/card&card=Mega%20Camerupt%20ex%20(022/132)&show=1&ed=MEG&num=022,https://mypcards.com/pokemon/produto/294270/mega-camerupt-ex,https://www.cardmarket.com/en/Pokemon/Products/Singles/Mega-Evolution/Mega-Camerupt-ex-V1-MEG022,https://www.tcgplayer.com/product/654361?page=1&Language=English,https://www.pricecharting.com/game/pokemon-mega-evolution/mega-camerupt-ex-22,"2,1",,"2,9",,1
Mega Abomasnow ex,036/132,Megaevolução,Português (PT-BR),NM,2025,Mega ex,https://www.ligapokemon.com.br/?view=cards/card&card=Mega%20Abomasnow%20ex%20(036/132)&show=1&ed=MEG&num=036,https://mypcards.com/pokemon/produto/294284/mega-abomasnow-ex,https://www.cardmarket.com/en/Pokemon/Products/Singles/Mega-Evolution/Mega-Abomasnow-ex-V1-MEG036,https://www.tcgplayer.com/product/654375?page=1&Language=English,https://www.pricecharting.com/game/pokemon-mega-evolution/mega-abomasnow-ex-36,"1,4",,2,,2
Mega Manectric ex,050/132,Megaevolução,Português (PT-BR),NM,2025,Mega ex,https://www.ligapokemon.com.br/?view=cards/card&card=Mega%20Manectric%20ex%20(050/132)&show=1&ed=MEG&num=050,https://mypcards.com/pokemon/produto/294298/mega-manectric-ex,https://www.cardmarket.com/en/Pokemon/Products/Singles/Mega-Evolution/Mega-Manectric-ex-V1-MEG050,https://www.tcgplayer.com/product/654389?page=1&Language=English,https://www.pricecharting.com/game/pokemon-mega-evolution/mega-manectric-ex-50,2,,"3,5",,3
Mega Gardevoir ex,060/132,Megaevolução,Português (PT-BR),NM,2025,Mega ex,https://www.ligapokemon.com.br/?view=cards/card&card=Mega%20Gardevoir%20ex%20(060/132)&show=1&ed=MEG&num=060,https://mypcards.com/pokemon/produto/294308/mega-gardevoir-ex,https://www.cardmarket.com/en/Pokemon/Products/Singles/Mega-Evolution/Mega-Gardevoir-ex-V1-MEG060,https://www.tcgplayer.com/product/654399?page=1&Language=English,https://www.pricecharting.com/game/pokemon-mega-evolution/mega-gardevoir-ex-60,"2,5",,"4,4",,3
Mega Lucario ex,077/132,Megaevolução,Português (PT-BR),NM,2025,Mega ex,https://www.ligapokemon.com.br/?view=cards/card&card=Mega%20Lucario%20ex%20(077/132)&show=1&ed=MEG&num=077,https://mypcards.com/pokemon/produto/294325/mega-lucario-ex,https://www.cardmarket.com/en/Pokemon/Products/Singles/Mega-Evolution/Mega-Lucario-ex-V1-MEG077,https://www.tcgplayer.com/product/654416?page=1&Language=English,https://www.pricecharting.com/game/pokemon-mega-evolution/mega-lucario-ex-77,"3,2",,"4,5",,1
Mega Kangaskhan ex,104/132,Megaevolução,Português (PT-BR),NM,2025,Mega ex,https://www.ligapokemon.com.br/?view=cards/card&card=Mega%20Kangaskhan%20ex%20(104/132)&show=1&ed=MEG&num=104,https://mypcards.com/pokemon/produto/294352/mega-kangaskhan-ex,https://www.cardmarket.com/en/Pokemon/Products/Singles/Mega-Evolution/Mega-Kangaskhan-ex-V1-MEG104,https://www.tcgplayer.com/product/654443?page=1&Language=English,https://www.pricecharting.com/game/pokemon-mega-evolution/mega-kangaskhan-ex-104,"3,4",,"5,9",,3
Togekiss,46/108,Céus Estrondosos,Português (PT-BR),D,2015,Holo Rara,https://www.ligapokemon.com.br/?view=cards/card&card=Togekiss%20(46/108)&show=1&ed=ROS&num=46,https://mypcards.com/pokemon/produto/39392/togekiss,https://www.cardmarket.com/en/Pokemon/Products/Singles/Roaring-Skies/Togekiss-ROS46,https://www.tcgplayer.com/product/98082?page=1&Language=English,https://www.pricecharting.com/game/pokemon-roaring-skies/togekiss-46,"1,5",,9,,1
Dragonite,52/108,Céus Estrondosos,Português (PT-BR),D,2015,Holo Rara,https://www.ligapokemon.com.br/?view=cards/card&card=Dragonite%20(52/108)&show=1&ed=ROS&num=52,https://mypcards.com/pokemon/produto/39398/dragonite,https://www.cardmarket.com/en/Pokemon/Products/Singles/Roaring-Skies/Dragonite-ROS52,https://www.tcgplayer.com/product/98088?page=1&Language=English,https://www.pricecharting.com/game/pokemon-roaring-skies/dragonite-52,1,,13,,1
Whiscash,41/160,Conflito Primitivo,Português (PT-BR),D,2015,Rara,https://www.ligapokemon.com.br/?view=cards/card&card=Whiscash%20(41/160)&show=1&ed=PRC&num=41,https://mypcards.com/pokemon/produto/39107/whiscash,https://www.cardmarket.com/en/Pokemon/Products/Singles/Primal-Clash/Whiscash-PRC41,https://www.tcgplayer.com/product/95938?page=1&Language=English,https://www.pricecharting.com/game/pokemon-primal-clash/whiscash-41,"0,7",,"0,8",,1
Mega Gengar ex,056/094,Fogo Fantasmagórico,Português (PT-BR),NM,2025,Mega ex,https://www.ligapokemon.com.br/?view=cards/card&card=Mega%20Gengar%20ex%20(056/094)&show=1&ed=PFL&num=056,https://mypcards.com/pokemon/produto/300662/mega-gengar-ex,https://www.cardmarket.com/en/Pokemon/Products/Singles/Phantasmal-Flames/Mega-Gengar-ex-V1-PFL056,https://www.tcgplayer.com/product/660380?page=1&Language=English,https://www.pricecharting.com/game/pokemon-phantasmal-flames/mega-gengar-ex-56,"6,5",,"7,9",,1
Mega Lopunny ex,084/094,Fogo Fantasmagórico,Português (PT-BR),NM,2025,Mega ex,https://www.ligapokemon.com.br/?view=cards/card&card=Mega%20Lopunny%20ex%20(084/094)&show=1&ed=PFL&num=084,https://mypcards.com/pokemon/produto/300690/mega-lopunny-ex,https://www.cardmarket.com/en/Pokemon/Products/Singles/Phantasmal-Flames/Mega-Lopunny-ex-V1-PFL084,https://www.tcgplayer.com/product/662188?page=1&Language=English,https://www.pricecharting.com/game/pokemon-phantasmal-flames/mega-lopunny-ex-84,"2,7",,"4,8",,2
Mega Starmie ex,021/088,Equilíbrio Perfeito,Português (PT-BR),NM,2026,Mega ex,https://www.ligapokemon.com.br/?view=cards/card&card=Mega%20Starmie%20ex%20(021/088)&show=1&ed=POR&num=021,https://mypcards.com/pokemon/produto/316726/mega-starmie-ex-021088,https://www.cardmarket.com/en/Pokemon/Products/Singles/Perfect-Order/Mega-Starmie-ex-V1-POR021,https://www.tcgplayer.com/product/684360?page=1&Language=English,https://www.pricecharting.com/game/pokemon-perfect-order/mega-starmie-ex-21,"3,9",,"6,9",,1
Mega Gengar ex,MEP 073,Megaevolução — Promos,Suíço,NM,2026,Mega ex — Promo,https://www.ligapokemon.com.br/?view=cards/card&card=Mega%20Gengar%20ex%20(073/%E2%88%9E)&ed=MEP&num=073&srsltid=AfmBOoreM7bSqv-oPE5XVN0NYdJYPE1R3cTAJt5KTWgmO-1lWaVT1qPV,https://mypcards.com/pokemon/produto/330887/mega-gengar-ex,https://www.cardmarket.com/en/Pokemon/Products/Singles/MEP-Black-Star-Promos/Mega-Gengar-ex-MEP073,https://www.tcgplayer.com/product/696608?page=1&Language=English,https://www.pricecharting.com/game/pokemon-promo/mega-gengar-ex-73,25,,60,,1
Mega Greninja ex,022/086,Caos Ascendente,Português (PT-BR),NM,2026,Mega ex,https://www.ligapokemon.com.br/?view=cards/card&card=Mega%20Greninja%20ex%20(022/086)&show=1&ed=CRI&num=022,https://mypcards.com/pokemon/produto/325002/mega-greninja-ex,https://www.cardmarket.com/en/Pokemon/Products/Singles/Chaos-Rising/Mega-Greninja-ex-V1-CRI022,https://www.tcgplayer.com/product/693515?page=1&Language=English,https://www.pricecharting.com/game/pokemon-chaos-rising/mega-greninja-ex-22,8,,"13,9",,1
Mega Floette ex,035/086,Caos Ascendente,Português (PT-BR),NM,2026,Mega ex,https://www.ligapokemon.com.br/?view=cards/card&card=Mega%20Floette%20ex%20(035/086)&show=1&ed=CRI&num=035,https://mypcards.com/pokemon/produto/325015/mega-floette-ex,https://www.cardmarket.com/en/Pokemon/Products/Singles/Chaos-Rising/Mega-Floette-ex-V1-CRI035,https://www.tcgplayer.com/product/693511?page=1&Language=English,https://www.pricecharting.com/game/pokemon-chaos-rising/mega-floette-ex-35,"1,6",,"3,4",,1
Mega Gallade ex,048/086,Caos Ascendente,Português (PT-BR),NM,2026,Mega ex,https://www.ligapokemon.com.br/?view=cards/card&card=Mega%20Gallade%20ex%20(048/086)&show=1&ed=CRI&num=048,https://mypcards.com/pokemon/produto/325028/mega-gallade-ex,https://www.cardmarket.com/en/Pokemon/Products/Singles/Chaos-Rising/Mega-Gallade-ex-CRI048,https://www.tcgplayer.com/product/693514?page=1&Language=English,https://www.pricecharting.com/game/pokemon-chaos-rising/mega-gallade-ex-48,"1,7",,3,,1
Mega Dragalge ex,065/086,Caos Ascendente,Português (PT-BR),NM,2026,Mega ex,https://www.ligapokemon.com.br/?view=cards/card&card=Mega%20Dragalge%20ex%20(065/086)&show=1&ed=CRI&num=065,https://mypcards.com/pokemon/produto/325045/mega-dragalge-ex,https://www.cardmarket.com/en/Pokemon/Products/Singles/Chaos-Rising/Mega-Dragalge-ex-V1-CRI065,https://www.tcgplayer.com/product/693508?page=1&Language=English,https://www.pricecharting.com/game/pokemon-chaos-rising/mega-dragalge-ex-65,"1,7",,3,,1
Sableye,XY92,XY — Promos,Português (PT-BR),HP,2015,Holo — Promo,https://www.ligapokemon.com.br/?view=cards/card&card=Sableye%20(XY92)&show=1&ed=PR-XY&num=XY92,https://mypcards.com/pokemon/produto/41785/sableye,https://www.cardmarket.com/en/Pokemon/Products/Singles/XY-Black-Star-Promos/Sableye-XYPRXY92,https://www.tcgplayer.com/product/108621?page=1&Language=English,https://www.pricecharting.com/game/pokemon-promo/sableye-xy92,"1,9",,"5,8",,2
Pyroar,200/193,Evoluções em Paldea,Português (PT-BR),NM,2023,Ilustração Rara,https://www.ligapokemon.com.br/?view=cards/card&card=Pyroar%20(200/193)&show=1&ed=PAL&num=200,https://mypcards.com/pokemon/produto/193135/pyroar,https://www.cardmarket.com/en/Pokemon/Products/Singles/Paldea-Evolved/Pyroar-V2-PAL200,https://www.tcgplayer.com/product/497603?page=1&Language=English,https://www.pricecharting.com/game/pokemon-paldea-evolved/pyroar-200,30,,90,,1
Flareon,TG01/TG30,Astros Cintilantes,Português (PT-BR),NM,2022,Galeria de Treinador,https://www.ligapokemon.com.br/?view=cards/card&card=Flareon%20(TG01/TG30)&show=10&ed=BSTG&num=TG01,https://mypcards.com/pokemon/produto/155015/flareon,https://www.cardmarket.com/en/Pokemon/Products/Singles/Brilliant-Stars/Flareon-BRSTG01,https://www.tcgplayer.com/product/264210?page=1&Language=English,https://www.pricecharting.com/game/pokemon-brilliant-stars/flareon-tg01,"99,4",,"154,8",,1
Clauncher,205/198,Escarlate e Violeta,Português (PT-BR),NM,2023,Ilustração Rara,https://www.ligapokemon.com.br/?view=cards/card&card=Clauncher%20(205/198)&show=1&ed=SV1&num=205,https://mypcards.com/pokemon/produto/185009/clauncher,https://www.cardmarket.com/en/Pokemon/Products/Singles/Scarlet-Violet/Clauncher-V2-SVI205,https://www.tcgplayer.com/product/490066?page=1&Language=English,https://www.pricecharting.com/game/pokemon-scarlet-%26-violet/clauncher-205,39,,"54,9",,1
Houndour,204/197,Obsidiana em Chamas,Português (PT-BR),NM,2023,Ilustração Rara,https://www.ligapokemon.com.br/?view=cards/card&card=Houndour%20(204/197)&show=1&ed=OBF&num=204,https://mypcards.com/pokemon/produto/199443/houndour,https://www.cardmarket.com/en/Pokemon/Products/Singles/Obsidian-Flames/Houndour-V2-OBF204,https://www.tcgplayer.com/product/509951?page=1&Language=English,https://www.pricecharting.com/game/pokemon-obsidian-flames/houndour-204,"39,1",,55,,1
Mew,GG10/GG70,Realeza Absoluta,Português (PT-BR),NM,2023,Galeria de Galar,https://www.ligapokemon.com.br/?view=cards/card&card=Mew%20(GG10/GG70)&show=1&ed=CZGG&num=GG10,https://mypcards.com/pokemon/produto/180911/mew,https://www.cardmarket.com/en/Pokemon/Products/Singles/Crown-Zenith/Mew-CRZGG10,https://www.tcgplayer.com/product/478027?page=1&Language=English,https://www.pricecharting.com/game/pokemon-crown-zenith/mew-gg10,497,,1150,,1
Pidgey,207/197,Obsidiana em Chamas,Português (PT-BR),NM,2023,Ilustração Rara,https://www.ligapokemon.com.br/?view=cards/card&card=Pidgey%20(207/197)&show=1&ed=SV3&num=207,https://mypcards.com/pokemon/produto/199446/pidgey,https://www.cardmarket.com/en/Pokemon/Products/Singles/Obsidian-Flames/Pidgey-V2-OBF207,https://www.tcgplayer.com/product/509955?page=1&Language=English,https://www.pricecharting.com/game/pokemon-obsidian-flames/pidgey-207,"134,3",,199,,1
Thievul,192/172,VSTAR Universe (S12a),Japonês,NM,2022,Arte Rara,https://www.ligapokemon.com.br/?view=cards/card&card=Thievul%20(192/172)&show=1&ed=s12A&num=192,https://mypcards.com/pokemon/produto/202799/thievul,https://www.cardmarket.com/en/Pokemon/Products/Singles/VSTAR-Universe/Thievul-V2-s12a192,https://www.tcgplayer.com/product/571730?page=1&Language=Japanese,https://www.pricecharting.com/game/pokemon-japanese-vstar-universe/thievul-192,"6,7",,10,,1
Flamigo,227/193,Evoluções em Paldea,Português (PT-BR),NM,2023,Ilustração Rara,https://www.ligapokemon.com.br/?view=cards/card&card=Flamigo%20(227/193)&srsltid=AfmBOooRZSxabkD2fkI5Qo0QPudWNlwCYhmfNkmvPLx86aa9GD0-YN54,https://mypcards.com/pokemon/produto/193162/flamigo,https://www.cardmarket.com/en/Pokemon/Products/Singles/Paldea-Evolved/Flamigo-V2-PAL227,https://www.tcgplayer.com/product/497630?page=1&Language=English,https://www.pricecharting.com/game/pokemon-paldea-evolved/flamigo-227,"47,2",,"66,5",,1
Dusknoir,TG06/TG30,Astros Cintilantes,Português (PT-BR),NM,2022,Galeria de Treinador,https://www.ligapokemon.com.br/?view=cards/card&card=Dusknoir%20(TG06/TG30)&show=1&ed=BRSTG&num=TG06,https://mypcards.com/pokemon/produto/155020/dusknoir,https://www.cardmarket.com/en/Pokemon/Products/Singles/Brilliant-Stars/Dusknoir-BRSTG06,https://www.tcgplayer.com/product/264214?page=1&Language=English,https://www.pricecharting.com/game/pokemon-brilliant-stars/dusknoir-tg06,"17,7",,"24,9",,1
Miraidon,SVP 013,Escarlate e Violeta — Promos,Português (PT-BR),NM,2023,Promo,https://www.ligapokemon.com.br/?view=cards/card&card=Miraidon(013/%E2%88%9E)&srsltid=AfmBOorOjgdlW2z8AhDDawfBJ8hNfkQPejq5wUW6atXjSs-XI56GCfwA,https://mypcards.com/pokemon/produto/187932/miraidon,https://www.cardmarket.com/en/Pokemon/Products/Singles/SV-Black-Star-Promos/Miraidon-V1-SVP013,https://www.tcgplayer.com/product/490719?page=1&Language=English,https://www.pricecharting.com/game/pokemon-promo/miraidon-13,"56,8",,80,,1
Pacote Férreo,SVP 066,Escarlate e Violeta — Promos,Português (PT-BR),NM,2023,Promo,https://www.ligapokemon.com.br/?view=cards/card&card=Iron+Bundle%20(066/%E2%88%9E)&ed=SVP&srsltid=AfmBOop-a9KtNCcwmGu5PwZl-2ipDehrqljxurEQb4hRlroZOeIBAILQ,https://mypcards.com/pokemon/produto/211267/pacote-ferreo,https://www.cardmarket.com/en/Pokemon/Products/Singles/SV-Black-Star-Promos/Iron-Bundle-V2-SVP066,https://www.tcgplayer.com/product/526656?page=1&Language=English,https://www.pricecharting.com/game/pokemon-promo/iron-bundle-66,"18,5",,28,,1
Squirtle,148/142,Coroa Estelar,Português (PT-BR),NM,2024,Arte Rara,https://www.ligapokemon.com.br/?view=cards/card&card=Squirtle%20(148/142)&show=1&ed=SCR&num=148,https://mypcards.com/pokemon/produto/247639/squirtle,https://www.cardmarket.com/en/Pokemon/Products/Singles/Stellar-Crown/Squirtle-SCR148,https://www.tcgplayer.com/product/567429?page=1&Language=English,https://www.pricecharting.com/game/pokemon-stellar-crown/squirtle-148,168,,299,,1
Wailord,162/159,Amigos da Jornada,Português (PT-BR),NM,2025,Arte Rara,https://www.ligapokemon.com.br/?view=cards/card&card=Wailord%20(162/159)&show=1&ed=JTG&num=162,https://mypcards.com/pokemon/produto/267889/wailord,https://www.cardmarket.com/en/Pokemon/Products/Singles/Journey-Together/Wailord-V2-JTG162,https://www.tcgplayer.com/product/623589?page=1&Language=English,https://www.pricecharting.com/game/pokemon-journey-together/wailord-162,"22,4",,40,,1
Noibat,169/159,Amigos da Jornada,Português (PT-BR),NM,2025,Arte Rara,https://www.ligapokemon.com.br/?view=cards/card&card=Noibat%20(169/159)&show=1&ed=JTG&num=169,https://mypcards.com/pokemon/produto/267896/noibat,https://www.cardmarket.com/en/Pokemon/Products/Singles/Journey-Together/Noibat-V2-JTG169,https://www.tcgplayer.com/product/623596?page=1&Language=English,https://www.pricecharting.com/game/pokemon-journey-together/noibat-169,28,,"28,1",,1
Reshiram de N,167/159,Amigos da Jornada,Português (PT-BR),NM,2025,Arte Rara,https://www.ligapokemon.com.br/?view=cards/card&card=N%27s%20Reshiram%20(Journey%20Together%20Stamped)%20(167b%2F%E2%88%9E)&ed=SVP&num=167b&srsltid=AfmBOorh80A6cC5R2PCvds-qXbLLOmd3ww7Je82pCnpCj0poPpLbL1Q1,https://mypcards.com/pokemon/produto/267894/reshiram-do-n,https://www.cardmarket.com/en/Pokemon/Products/Singles/Journey-Together/Ns-Reshiram-V2-JTG167,https://www.tcgplayer.com/product/624677?page=1&Language=English,https://www.pricecharting.com/game/pokemon-journey-together/n%27s-reshiram-167,"29,8",,"41,9",,1
Shuckle,136/132,Megaevolução,Português (PT-BR),NM,2025,Arte Rara,https://www.ligapokemon.com.br/?view=cards/card&card=Shuckle%20(136/132)&show=1&ed=MEG&num=136,https://mypcards.com/pokemon/produto/294385/shuckle,https://www.cardmarket.com/en/Pokemon/Products/Singles/Mega-Evolution/Shuckle-V2-MEG136,https://www.tcgplayer.com/product/654475?page=1&Language=English,https://www.pricecharting.com/game/pokemon-mega-evolution/shuckle-136,"11,1",,14,,1
Ninjask,137/132,Megaevolução,Português (PT-BR),NM,2025,Arte Rara,https://www.ligapokemon.com.br/?view=cards/card&card=Ninjask%20(137/132)&show=1&ed=MEG&num=137,https://mypcards.com/pokemon/produto/294386/ninjask,https://www.cardmarket.com/en/Pokemon/Products/Singles/Mega-Evolution/Ninjask-V2-MEG137,https://www.tcgplayer.com/product/654476?page=1&Language=English,https://www.pricecharting.com/game/pokemon-mega-evolution/ninjask-137,"8,4",,12,,1
Garganacl,147/132,Megaevolução,Português (PT-BR),NM,2025,Arte Rara,https://www.ligapokemon.com.br/?view=cards/card&card=Garganacl%20(147/132)&show=1&ed=MEG&num=147,https://mypcards.com/pokemon/produto/294396/garganacl,https://www.cardmarket.com/en/Pokemon/Products/Singles/Mega-Evolution/Garganacl-V2-MEG147,https://www.tcgplayer.com/product/654486?page=1&Language=English,https://www.pricecharting.com/game/pokemon-mega-evolution/garganacl-147,"5,6",,7,,1
Spiritomb,148/132,Megaevolução,Português (PT-BR),NM,2025,Arte Rara,https://www.ligapokemon.com.br/?view=cards/card&card=Spiritomb%20(148/132)&show=1&ed=MEG&num=148,https://mypcards.com/pokemon/produto/294397/spiritomb,https://www.cardmarket.com/en/Pokemon/Products/Singles/Mega-Evolution/Spiritomb-V2-MEG148,https://www.tcgplayer.com/product/654487?page=1&Language=English,https://www.pricecharting.com/game/pokemon-mega-evolution/spiritomb-148,"11,1",,"12,9",,1
Gumshoos,153/132,Megaevolução,Português (PT-BR),NM,2025,Arte Rara,https://www.ligapokemon.com.br/?view=cards/card&card=Gumshoos%20(153/132)&show=1&ed=MEG&num=153,https://mypcards.com/pokemon/produto/294402/gumshoos,https://www.cardmarket.com/en/Pokemon/Products/Singles/Mega-Evolution/Gumshoos-V2-MEG153,https://www.tcgplayer.com/product/654492?page=1&Language=English,https://www.pricecharting.com/game/pokemon-mega-evolution/gumshoos-153,"5,6",,"9,9",,1
Ludicolo,095/094,Fogo Fantasmagórico,Português (PT-BR),NM,2025,Arte Rara,https://www.ligapokemon.com.br/?view=cards/card&card=Ludicolo%20(095/094)&show=1&ed=PFL&num=095,https://mypcards.com/pokemon/produto/300701/ludicolo,https://www.cardmarket.com/en/Pokemon/Products/Singles/Phantasmal-Flames/Ludicolo-V2-PFL095,https://www.tcgplayer.com/product/662180?page=1&Language=English,https://www.pricecharting.com/game/pokemon-phantasmal-flames/ludicolo-95,"8,4",,9,,1
Wooper de Paldea,102/094,Fogo Fantasmagórico,Português (PT-BR),NM,2025,Arte Rara,https://www.ligapokemon.com.br/?view=cards/card&card=Paldean%20Wooper%20(102/094)&show=1&ed=PFL&num=102,https://mypcards.com/pokemon/produto/300708/wooper-de-paldea,https://www.cardmarket.com/en/Pokemon/Products/Singles/Phantasmal-Flames/Paldean-Wooper-PFL102,https://www.tcgplayer.com/product/662209?page=1&Language=English,https://www.pricecharting.com/game/pokemon-phantasmal-flames/paldean-wooper-102,"6,7",,"11,9",,1
Togedemaru,104/094,Fogo Fantasmagórico,Português (PT-BR),NM,2025,Arte Rara,https://www.ligapokemon.com.br/?view=cards/card&card=Togedemaru%20(104/094)&show=1&ed=PFL&num=104,https://mypcards.com/pokemon/produto/300710/togedemaru,https://www.cardmarket.com/en/Pokemon/Products/Singles/Phantasmal-Flames/Togedemaru-V2-PFL104,https://www.tcgplayer.com/product/662233?page=1&Language=English,https://www.pricecharting.com/game/pokemon-phantasmal-flames/togedemaru-104,"7,8",,10,,1
Ambipom,107/094,Fogo Fantasmagórico,Português (PT-BR),NM,2025,Arte Rara,https://www.ligapokemon.com.br/?view=cards/card&card=Ambipom%20(107/094)&show=1&ed=PFL&num=107,https://mypcards.com/pokemon/produto/300713/ambipom,https://www.cardmarket.com/en/Pokemon/Products/Singles/Phantasmal-Flames/Ambipom-V2-PFL107,https://www.tcgplayer.com/product/662128?page=1&Language=English,https://www.pricecharting.com/game/pokemon-phantasmal-flames/ambipom-107,"5,6",,"9,9",,1
Vikavolt,230/217,Heróis Excelsos,Português (PT-BR),NM,2026,Arte Rara,https://www.ligapokemon.com.br/?view=cards/card&card=Vikavolt%20(230/217)&show=1&ed=ASC&num=230,https://mypcards.com/pokemon/produto/310467/vikavolt,https://www.cardmarket.com/en/Pokemon/Products/Singles/Ascended-Heroes/Vikavolt-V2-ASC230,https://www.tcgplayer.com/product/676042?page=1&Language=English,https://www.pricecharting.com/game/pokemon-ascended-heroes/vikavolt-230,"7,8",,12,,1
Spewpa,089/088,Equilíbrio Perfeito,Português (PT-BR),NM,2026,Arte Rara,https://www.ligapokemon.com.br/?view=cards/card&card=Spewpa%20(089/088)&show=1&ed=POR&num=089,https://mypcards.com/pokemon/produto/318528/spewpa-089088,https://www.cardmarket.com/en/Pokemon/Products/Singles/Perfect-Order/Spewpa-V2-POR089,https://www.tcgplayer.com/product/684365?page=1&Language=English,https://www.pricecharting.com/game/pokemon-perfect-order/spewpa-89,"7,8",,10,,1
Frogadier,089/086,Caos Ascendente,Português (PT-BR),NM,2026,Arte Rara,https://www.ligapokemon.com.br/?view=cards/card&card=Frogadier%20(089/086)&show=1&ed=CRI&num=089,https://mypcards.com/pokemon/produto/325069/frogadier,https://www.cardmarket.com/en/Pokemon/Products/Singles/Chaos-Rising/Frogadier-V2-CRI089,https://www.tcgplayer.com/product/693491?page=1&Language=English,https://www.pricecharting.com/game/pokemon-chaos-rising/frogadier-89,"24,6",,"34,9",,1
Ampharos,090/086,Caos Ascendente,Português (PT-BR),NM,2026,Arte Rara,https://www.ligapokemon.com.br/?view=cards/card&card=Ampharos%20(090/086)&show=1&ed=CRI&num=090,https://mypcards.com/pokemon/produto/325070/ampharos,https://www.cardmarket.com/en/Pokemon/Products/Singles/Chaos-Rising/Ampharos-V2-CRI090,https://www.tcgplayer.com/product/693446?page=1&Language=English,https://www.pricecharting.com/game/pokemon-chaos-rising/ampharos-90,14,,"24,9",,1
Crobat,093/086,Caos Ascendente,Português (PT-BR),NM,2026,Arte Rara,https://www.ligapokemon.com.br/?view=cards/card&card=Crobat%20(093/086)&show=1&ed=CRI&num=093,https://mypcards.com/pokemon/produto/325073/crobat,https://www.cardmarket.com/en/Pokemon/Products/Singles/Chaos-Rising/Crobat-V2-CRI093,https://www.tcgplayer.com/product/693471?page=1&Language=English,https://www.pricecharting.com/game/pokemon-chaos-rising/crobat-93,"8,4",,"14,3",,1
Metang,094/086,Caos Ascendente,Suíço,NM,2026,Arte Rara,https://www.ligapokemon.com.br/?view=cards/card&card=Metang%20(094/086)&show=1&ed=CRI&num=094,https://mypcards.com/pokemon/produto/325074/metang,https://www.cardmarket.com/en/Pokemon/Products/Singles/Chaos-Rising/Metang-V2-CRI095,https://www.tcgplayer.com/product/693524?page=1&Language=English,https://www.pricecharting.com/game/pokemon-chaos-rising/metang-94,13,,25,,1
Sliggoo,095/086,Caos Ascendente,Português (PT-BR),NM,2026,Arte Rara,https://www.ligapokemon.com.br/?view=cards/card&card=Sliggoo%20(095/086)&show=1&ed=CRI&num=095,https://mypcards.com/pokemon/produto/325075/sliggoo,https://www.cardmarket.com/en/Pokemon/Products/Singles/Chaos-Rising/Sliggoo-V2-CRI094,https://www.tcgplayer.com/product/693546?page=1&Language=English,https://www.pricecharting.com/game/pokemon-chaos-rising/sliggoo-95,"5,2",,"9,3",,1
Watchog,097/086,Caos Ascendente,Português (PT-BR),NM,2026,Arte Rara,https://www.ligapokemon.com.br/?view=cards/card&card=Watchog%20(097/086)&show=1&ed=CRI&num=097,https://mypcards.com/pokemon/produto/325077/watchog,https://www.cardmarket.com/en/Pokemon/Products/Singles/Chaos-Rising/Watchog-V2-CRI097,https://www.tcgplayer.com/product/693560?page=1&Language=English,https://www.pricecharting.com/game/pokemon-chaos-rising/watchog-97,"4,8",,8,,1
Altaria,TG11/TG30,Tempestade Prateada,Português (PT-BR),NM,2022,Galeria de Treinador,https://www.ligapokemon.com.br/?view=cards/card&card=Altaria%20(TG11/TG30)&show=10&ed=SITTG&num=TG11,https://mypcards.com/pokemon/produto/174983/altaria,https://www.cardmarket.com/en/Pokemon/Products/Singles/Silver-Tempest/Altaria-V2-SITTG11,https://www.tcgplayer.com/product/452027?page=1&Language=English,https://www.pricecharting.com/game/pokemon-silver-tempest/altaria-tg11,"37,6",,53,,1
Hoothoot,TG12/TG30,Estrelas Radiantes,Português (PT-BR),NM,2022,Full Art — Galeria de Treinador,https://www.ligapokemon.com.br/?view=cards/card&card=Hoothoot%20(TG12/TG30)&show=1&ed=ARTG&num=TG12,https://mypcards.com/pokemon/produto/160689/hoothoot,https://www.cardmarket.com/en/Pokemon/Products/Singles/Astral-Radiance/Hoothoot-ASRTG12,https://www.tcgplayer.com/product/272483?page=1&Language=English,https://www.pricecharting.com/game/pokemon-astral-radiance/hoothoot-tg12,"56,8",,80,,1
Latios,XY79,XY — Promos,Português (PT-BR),D,2015,Full Art — Promo,https://www.ligapokemon.com.br/?view=cards/card&card=Latios%20(XY79)&show=1&ed=XYP&num=XY79,https://mypcards.com/pokemon/produto/41772/latios,https://www.cardmarket.com/en/Pokemon/Products/Singles/XY-Promos/Latios-XY79,https://www.tcgplayer.com/product/108609?page=1&Language=English,https://www.pricecharting.com/game/pokemon-promo/latios-xy79,14,,"14,9",,1
Roserade,TG02/TG30,Origem Perdida,Português (PT-BR),NM,2022,Full Art — Galeria de Treinador,https://www.ligapokemon.com.br/?view=cards/card&card=Roserade%20(TG02/TG30)&show=1&ed=LORTG&num=TG02,https://mypcards.com/pokemon/produto/168025/roserade,https://www.cardmarket.com/en/Pokemon/Products/Singles/Lost-Origin/Roserade-LORTG02,https://www.tcgplayer.com/product/284254?page=1&Language=English,https://www.pricecharting.com/game/pokemon-lost-origin/roserade-tg02,"17,7",,25,,1
Jynx,TG04/TG30,Tempestade Prateada,Português (PT-BR),NM,2022,Full Art — Galeria de Treinador,https://www.ligapokemon.com.br/?view=cards/card&card=Jynx%20(TG04/TG30)&show=1&ed=SITTG&num=TG04,https://mypcards.com/pokemon/produto/174976/jynx,https://www.cardmarket.com/en/Pokemon/Products/Singles/Silver-Tempest/Jynx-SITTG04,https://www.tcgplayer.com/product/452018?page=1&Language=English,https://www.pricecharting.com/game/pokemon-silver-tempest/jynx-tg04,"35,4",,"49,9",,1
Mareep,GG34/GG70,Realeza Absoluta,Português (PT-BR),NM,2023,Arte Rara — Galeria de Galar,https://www.ligapokemon.com.br/?view=cards/card&card=Mareep%20(GG34/GG70)&show=1&ed=CZGG&num=GG34,https://mypcards.com/pokemon/produto/180935/mareep,https://www.cardmarket.com/en/Pokemon/Products/Singles/Crown-Zenith/Mareep-CRZGG34,https://www.tcgplayer.com/product/478063?page=1&Language=English,https://www.pricecharting.com/game/pokemon-crown-zenith/mareep-gg34,"75,6",,"99,9",,1
Bronzong,TG11/TG30,Estrelas Radiantes,Português (PT-BR),NM,2022,Full Art — Galeria de Treinador,https://www.ligapokemon.com.br/?view=cards/card&card=Bronzong%20(TG11/TG30)&show=1&ed=ASRTG&num=TG11,https://mypcards.com/pokemon/produto/160688/bronzong,https://www.cardmarket.com/en/Pokemon/Products/Singles/Astral-Radiance/Bronzong-ASRTG11,https://www.tcgplayer.com/product/272482?page=1&Language=English,https://www.pricecharting.com/game/pokemon-astral-radiance/bronzong-tg11,"18,6",,"26,2",,1
Cidade Paralela,145/162,Turbo Revolução,Português (PT-BR),HP,2015,Estádio,https://www.ligapokemon.com.br/?view=cards/card&card=Parallel%20City%20(145/162)&show=1&ed=BKT&num=145,https://mypcards.com/pokemon/produto/33560/cidade-paralela,https://www.cardmarket.com/en/Pokemon/Products/Singles/BREAKthrough/Parallel-City-BKT145,https://www.tcgplayer.com/product/107264?page=1&Language=English,https://www.pricecharting.com/game/pokemon-breakthrough/parallel-city-145,12,,"21,8",,1
Comfey,GG14/GG70,Realeza Absoluta,Português (PT-BR),NM,2023,Arte Rara — Galeria de Galar,https://www.ligapokemon.com.br/?view=cards/card&card=Comfey%20(GG14/GG70)&show=1&ed=CZGG&num=GG14,https://mypcards.com/pokemon/produto/180915/comfey,https://www.cardmarket.com/en/Pokemon/Products/Singles/Crown-Zenith/Comfey-CRZGG14,https://www.tcgplayer.com/product/478031?page=1&Language=English,https://www.pricecharting.com/game/pokemon-crown-zenith/comfey-gg14,"7,7",,"10,9",,1
Dunsparce,GG23/GG70,Realeza Absoluta,Português (PT-BR),NM,2023,Arte Rara — Galeria de Galar,https://www.ligapokemon.com.br/?view=cards/card&card=Dunsparce%20(GG23/GG70)&show=1&ed=CZGG&num=GG23,https://mypcards.com/pokemon/produto/180924/dunsparce,https://www.cardmarket.com/en/Pokemon/Products/Singles/Crown-Zenith/Dunsparce-CRZGG23,https://www.tcgplayer.com/product/478041?page=1&Language=English,https://www.pricecharting.com/game/pokemon-crown-zenith/dunsparce-gg23,"12,9",,23,,1
Articuno,25/83,Gerações,Português (PT-BR),HP,2016,Full Art — Holo Rara,https://www.ligapokemon.com.br/?view=cards/card&card=Articuno%20(25/83)&ed=GEN&num=25,https://mypcards.com/pokemon/produto/36184/articuno,https://www.cardmarket.com/en/Pokemon/Products/Singles/Generations/Articuno-GEN25,https://www.tcgplayer.com/product/113683?page=1&Language=English,https://www.pricecharting.com/game/pokemon-generations/articuno-25,"11,9",,34,,1
Obstagoon de Galar,TG10/TG30,Estrelas Radiantes,Português (PT-BR),NM,2022,Full Art — Galeria de Treinador,https://www.ligapokemon.com.br/?view=cards/card&card=Galarian%20Obstagoon%20(TG10%2FTG30)&ed=ARTG&num=TG10&srsltid=AfmBOoofkEhaiqViB_WnAPvlmdBipSsSJmwDmwtb7KROQKJkJPAiEztP,https://mypcards.com/pokemon/produto/160687/obstagoon-de-galar,https://www.cardmarket.com/en/Pokemon/Products/Singles/Astral-Radiance/Galarian-Obstagoon-ASRTG10,https://www.tcgplayer.com/product/272481?page=1&Language=English,https://www.pricecharting.com/game/pokemon-astral-radiance/galarian-obstagoon-tg10,"28,4",,"40,4",,1
Tarountula,199/198,Escarlate e Violeta,Português (PT-BR),NM,2023,Arte Rara,https://www.ligapokemon.com.br/?view=cards/card&card=Tarountula%20(199/198)&show=1&ed=SV1&num=199,https://mypcards.com/pokemon/produto/185003/tarountula,https://www.cardmarket.com/en/Pokemon/Products/Singles/Scarlet-Violet/Tarountula-V2-SVI199,https://www.tcgplayer.com/product/490293?page=1&Language=English,https://www.pricecharting.com/game/pokemon-scarlet-%26-violet/tarountula-199,"42,5",,"59,9",,1
Arceus,XY83,XY — Promos,Português (PT-BR),HP,2015,Full Art — Promo,https://www.ligapokemon.com.br/?view=cards/card&card=Arceus%20(XY83)&show=1&ed=XYP&num=XY83,https://mypcards.com/pokemon/produto/41776/arceus,https://www.cardmarket.com/en/Pokemon/Products/Singles/XY-Promos/Arceus-XY83,https://www.tcgplayer.com/product/108613?page=1&Language=English,https://www.pricecharting.com/game/pokemon-promo/arceus-xy83,"17,3",,35,,1
Snover,140/132,Megaevolução,Português (PT-BR),NM,2025,Arte Rara,https://www.ligapokemon.com.br/?view=cards/card&card=Snover%20(140/132)&show=1&ed=MEG&num=140,https://mypcards.com/pokemon/produto/294389/snover,https://www.cardmarket.com/en/Pokemon/Products/Singles/Mega-Evolution/Snover-V2-MEG140,https://www.tcgplayer.com/product/654479?page=1&Language=English,https://www.pricecharting.com/game/pokemon-mega-evolution/snover-140,"9,9",,11,,2
Dedenne,093/088,Equilíbrio Perfeito,Português (PT-BR),NM,2026,Arte Rara,https://www.ligapokemon.com.br/?view=cards/card&card=Dedenne%20(093/088)&show=1&ed=POR&num=093,https://mypcards.com/pokemon/produto/318532/dedenne-093088,https://www.cardmarket.com/en/Pokemon/Products/Singles/Perfect-Order/Dedenne-V2-POR093,https://www.tcgplayer.com/product/684413?page=1&Language=English,https://www.pricecharting.com/game/pokemon-perfect-order/dedenne-93,"16,7",,20,,2
Tauros,096/086,Caos Ascendente,Português (PT-BR),NM,2026,Arte Rara,https://www.ligapokemon.com.br/?view=cards/card&card=Tauros%20(096/086)&show=1&ed=CRI&num=096,https://mypcards.com/pokemon/produto/325076/tauros,https://www.cardmarket.com/en/Pokemon/Products/Singles/Chaos-Rising/Tauros-V2-CRI096,https://www.tcgplayer.com/product/693553?page=1&Language=English,https://www.pricecharting.com/game/pokemon-chaos-rising/tauros-96,"22,3",,"27,9",,3
Poochyena,GG33/GG70,Realeza Absoluta,Português (PT-BR),NM,2023,Arte Rara — Galeria de Galar,https://www.ligapokemon.com.br/?view=cards/card&card=Poochyena%20(GG33/GG70)&ed=CZGG&num=GG33&srsltid=AfmBOorO8yrC-1CHpSeBRQWG2__I0YUlSgPgJ0OLetjOrL-2wKKZdXXv,https://mypcards.com/pokemon/produto/180934/poochyena,https://www.cardmarket.com/en/Pokemon/Products/Singles/Crown-Zenith/Poochyena-CRZGG33,https://www.tcgplayer.com/product/478062?page=1&Language=English,https://www.pricecharting.com/game/pokemon-crown-zenith/poochyena-gg33,"53,9",,"79,9",,1
Ariados,TG09/TG30,Astros Cintilantes,Português (PT-BR),NM,2022,Full Art — Galeria de Treinador,https://www.ligapokemon.com.br/?view=cards/card&card=Ariados%20(TG09%2FTG30)&ed=BSTG&num=TG09&srsltid=AfmBOopA0aQJ3BNeM20neLLAzJG06cPH5H_PtV1xNVIOQZtfO-wl-tCX,https://mypcards.com/pokemon/produto/155023/ariados,https://www.cardmarket.com/en/Pokemon/Products/Singles/Brilliant-Stars/Ariados-BRSTG09,https://www.tcgplayer.com/product/264204?page=1&Language=English,https://www.pricecharting.com/game/pokemon-brilliant-stars/ariados-tg09,"27,7",,39,,1
Jirachi,XY112,XY — Promos,Português (PT-BR),HP,2016,Full Art — Promo,https://www.ligapokemon.com.br/?view=cards/card&card=Jirachi%20(XY112)&show=1&ed=XYP&num=XY112,https://mypcards.com/pokemon/produto/41805/jirachi,https://www.cardmarket.com/en/Pokemon/Products/Singles/XY-Promos/Jirachi-XY112,https://www.tcgplayer.com/product/117266?page=1&Language=English,https://www.pricecharting.com/game/pokemon-promo/jirachi-xy112,"13,5",,40,,1
Castform,TG11/TG30,Origem Perdida,Português (PT-BR),NM,2022,Full Art — Galeria de Treinador,https://www.ligapokemon.com.br/?view=cards/card&card=Castform%20(TG11/TG30)&show=1&ed=LORTG&num=TG11,https://mypcards.com/pokemon/produto/168034/castform,https://www.cardmarket.com/en/Pokemon/Products/Singles/Lost-Origin/Castform-LORTG11,https://www.tcgplayer.com/product/284271?page=1&Language=English,https://www.pricecharting.com/game/pokemon-lost-origin/castform-tg11,"17,4",,"24,5",,1
Spiritomb,TG09/TG30,Origem Perdida,Português (PT-BR),NM,2022,Full Art — Galeria de Treinador,https://www.ligapokemon.com.br/?view=cards/card&card=Spiritomb%20(TG09/TG30)&show=1&ed=LORTG&num=TG09,https://mypcards.com/pokemon/produto/168032/spiritomb,https://www.cardmarket.com/en/Pokemon/Products/Singles/Lost-Origin/Spiritomb-LORTG09,https://www.tcgplayer.com/product/284269?page=1&Language=English,https://www.pricecharting.com/game/pokemon-lost-origin/spiritomb-tg09,"17,8",,25,,1
Kyurem Branco,XY81,XY — Promos,Português (PT-BR),D,2015,Full Art — Promo,https://www.ligapokemon.com.br/?view=cards/card&card=White%20Kyurem%20(XY81)&show=1&ed=XYP&num=XY81,https://mypcards.com/pokemon/produto/41774/kyurem-branco,https://www.cardmarket.com/en/Pokemon/Products/Singles/XY-Promos/White-Kyurem-XY81,https://www.tcgplayer.com/product/108611?page=1&Language=English,https://www.pricecharting.com/game/pokemon-promo/white-kyurem-xy81,10,,"10,9",,1